Station Code, RoadNo, Lat, Lon
BAY,R2,15.14767,76.926453
BAY,R2,15.147651,76.926427
BAY,R2,15.147631,76.926401
BAY,R2,15.147613,76.926375
BAY,R2,15.147594,76.926349
BAY,R2,15.147576,76.926323
BAY,R2,15.147557,76.926297
BAY,R2,15.14754,76.926271
BAY,R2,15.147522,76.926244
BAY,R2,15.147505,76.926219
BAY,R2,15.147487,76.926193
BAY,R2,15.147469,76.926167
BAY,R2,15.147452,76.926141
BAY,R2,15.147435,76.926115
BAY,R2,15.147418,76.926089
BAY,R2,15.1474,76.926064
BAY,R2,15.147382,76.926038
BAY,R2,15.147364,76.926013
BAY,R2,15.147347,76.925987
BAY,R2,15.14733,76.92596
BAY,R2,15.147313,76.925933
BAY,R2,15.147295,76.925907
BAY,R2,15.147277,76.92588
BAY,R2,15.14726,76.925853
BAY,R2,15.147242,76.925826
BAY,R2,15.147223,76.925801
BAY,R2,15.147205,76.925773
BAY,R2,15.147187,76.925746
BAY,R2,15.147169,76.925718
BAY,R2,15.14715,76.92569
BAY,R2,15.147132,76.925662
BAY,R2,15.147113,76.925633
BAY,R2,15.147094,76.925604
BAY,R2,15.147075,76.925575
BAY,R2,15.147056,76.925547
BAY,R2,15.147037,76.925518
BAY,R2,15.147018,76.925489
BAY,R2,15.147,76.925459
BAY,R2,15.14698,76.92543
BAY,R2,15.146961,76.925401
BAY,R2,15.146941,76.925371
BAY,R2,15.146922,76.925341
BAY,R2,15.146902,76.925312
BAY,R2,15.146883,76.925282
BAY,R2,15.146863,76.925253
BAY,R2,15.146843,76.925225
BAY,R2,15.146824,76.925196
BAY,R2,15.146805,76.925166
BAY,R2,15.146785,76.925136
BAY,R2,15.146766,76.925106
BAY,R2,15.146745,76.925075
BAY,R2,15.146724,76.925045
BAY,R2,15.146703,76.925015
BAY,R2,15.146682,76.924984
BAY,R2,15.146662,76.924953
BAY,R2,15.146642,76.924922
BAY,R2,15.146621,76.924891
BAY,R2,15.1466,76.92486
BAY,R2,15.146579,76.92483
BAY,R2,15.146558,76.924798
BAY,R2,15.146538,76.924768
BAY,R2,15.146518,76.924736
BAY,R2,15.146498,76.924705
BAY,R2,15.146477,76.924674
BAY,R2,15.146457,76.924643
BAY,R2,15.146436,76.924612
BAY,R2,15.146415,76.92458
BAY,R2,15.146396,76.924549
BAY,R2,15.146376,76.924518
BAY,R2,15.146357,76.924487
BAY,R2,15.146337,76.924456
BAY,R2,15.146319,76.924426
BAY,R2,15.1463,76.924395
BAY,R2,15.14628,76.924365
BAY,R2,15.14626,76.924334
BAY,R2,15.14624,76.924306
BAY,R2,15.146221,76.924277
BAY,R2,15.146205,76.924249
BAY,R2,15.146187,76.92422
BAY,R2,15.146167,76.924189
BAY,R2,15.146144,76.924158
BAY,R2,15.146122,76.924127
BAY,R2,15.146102,76.924097
BAY,R2,15.146081,76.924068
BAY,R2,15.146061,76.92404
BAY,R2,15.146041,76.924013
BAY,R2,15.146025,76.923988
BAY,R2,15.146009,76.923963
BAY,R2,15.145991,76.923939
BAY,R2,15.145976,76.923919
BAY,R2,15.145962,76.923901
BAY,R2,15.145948,76.92388
BAY,R2,15.145932,76.92386
BAY,R2,15.145912,76.92384
BAY,R2,15.14589,76.923816
BAY,R2,15.145867,76.923789
BAY,R2,15.145847,76.923764
BAY,R2,15.145824,76.923741
BAY,R2,15.145803,76.923718
BAY,R2,15.145783,76.923693
BAY,R2,15.145764,76.923664
BAY,R2,15.145744,76.923636
BAY,R2,15.145722,76.923611
BAY,R2,15.145702,76.923585
BAY,R2,15.145682,76.923559
BAY,R2,15.145659,76.923532
BAY,R2,15.145637,76.9235
BAY,R2,15.145614,76.923471
BAY,R2,15.145593,76.923445
BAY,R2,15.145573,76.923418
BAY,R2,15.145551,76.923391
BAY,R2,15.14553,76.923365
BAY,R2,15.14551,76.923343
BAY,R2,15.145491,76.923318
BAY,R2,15.145473,76.923292
BAY,R2,15.145447,76.923267
BAY,R2,15.145417,76.923247
BAY,R2,15.145395,76.923212
BAY,R2,15.145371,76.923169
BAY,R2,15.145351,76.923126
BAY,R2,15.145329,76.923089
BAY,R2,15.145308,76.923054
BAY,R2,15.145286,76.923018
BAY,R2,15.145265,76.922982
BAY,R2,15.145243,76.922948
BAY,R2,15.145223,76.922915
BAY,R2,15.145201,76.922883
BAY,R2,15.145181,76.922851
BAY,R2,15.14516,76.92282
BAY,R2,15.14514,76.922788
BAY,R2,15.14512,76.922757
BAY,R2,15.145099,76.922727
BAY,R2,15.145079,76.922697
BAY,R2,15.14506,76.922667
BAY,R2,15.145039,76.922637
BAY,R2,15.145019,76.922607
BAY,R2,15.144998,76.922577
BAY,R2,15.144977,76.922547
BAY,R2,15.144956,76.922518
BAY,R2,15.144935,76.922488
BAY,R2,15.144915,76.92246
BAY,R2,15.144896,76.922431
BAY,R2,15.144877,76.922402
BAY,R2,15.144856,76.922374
BAY,R2,15.144836,76.922344
BAY,R2,15.144816,76.922315
BAY,R2,15.144795,76.922286
BAY,R2,15.144775,76.922257
BAY,R2,15.144755,76.922229
BAY,R2,15.144736,76.9222
BAY,R2,15.144716,76.922171
BAY,R2,15.144697,76.922143
BAY,R2,15.144676,76.922116
BAY,R2,15.144656,76.922088
BAY,R2,15.144637,76.922061
BAY,R2,15.144617,76.922033
BAY,R2,15.144598,76.922006
BAY,R2,15.144581,76.921979
BAY,R2,15.144562,76.921952
BAY,R2,15.144543,76.921926
BAY,R2,15.144523,76.921899
BAY,R2,15.144503,76.921873
BAY,R2,15.144484,76.921846
BAY,R2,15.144466,76.921819
BAY,R2,15.144448,76.921791
BAY,R2,15.144429,76.921764
BAY,R2,15.14441,76.921738
BAY,R2,15.144392,76.921712
BAY,R2,15.144373,76.921686
BAY,R2,15.144355,76.921661
BAY,R2,15.144338,76.921637
BAY,R2,15.14432,76.921613
BAY,R2,15.144304,76.921591
BAY,R2,15.144289,76.92157
BAY,R2,15.144276,76.921549
BAY,R2,15.144264,76.921531
BAY,R2,15.144252,76.921514
BAY,R2,15.144241,76.921499
BAY,R2,15.144232,76.921485
BAY,R2,15.144224,76.921473
BAY,R2,15.144217,76.921462
BAY,R2,15.144211,76.921452
BAY,R2,15.144207,76.921445
BAY,R2,15.144203,76.92144
BAY,R2,15.144203,76.921437
BAY,R2,15.144202,76.921436
BAY,R2,15.144202,76.921435
BAY,R2,15.144189,76.921405
BAY,R2,15.144185,76.9214
BAY,R2,15.144181,76.921394
BAY,R2,15.144176,76.921387
BAY,R2,15.144171,76.921381
BAY,R2,15.144166,76.921373
BAY,R2,15.144161,76.921365
BAY,R2,15.144155,76.921357
BAY,R2,15.144149,76.921348
BAY,R2,15.144142,76.921339
BAY,R2,15.144136,76.921329
BAY,R2,15.144128,76.921319
BAY,R2,15.14412,76.921308
BAY,R2,15.144113,76.921297
BAY,R2,15.144105,76.921286
BAY,R2,15.144096,76.921274
BAY,R2,15.144088,76.921261
BAY,R2,15.144079,76.921248
BAY,R2,15.144069,76.921235
UBL,R7,15.348756,75.153604
UBL,R7,15.348761,75.15358
UBL,R7,15.348767,75.153554
UBL,R7,15.348772,75.153529
UBL,R7,15.348777,75.153504
UBL,R7,15.348782,75.153479
UBL,R7,15.348787,75.153455
UBL,R7,15.348792,75.153431
UBL,R7,15.348797,75.153407
UBL,R7,15.348802,75.153383
UBL,R7,15.348807,75.153359
UBL,R7,15.348812,75.153336
UBL,R7,15.348817,75.153313
UBL,R7,15.348822,75.15329
UBL,R7,15.348827,75.153267
UBL,R7,15.348831,75.153245
UBL,R7,15.348836,75.153222
UBL,R7,15.348841,75.1532
UBL,R7,15.348846,75.153179
UBL,R7,15.348852,75.153157
UBL,R7,15.348857,75.153136
UBL,R7,15.348862,75.153115
UBL,R7,15.348867,75.153094
UBL,R7,15.348872,75.153073
UBL,R7,15.348878,75.153052
UBL,R7,15.348884,75.153031
UBL,R7,15.34889,75.153011
UBL,R7,15.349399,75.15182
UBL,R7,15.349418,75.151794
UBL,R7,15.349434,75.151773
UBL,R7,15.349448,75.151755
UBL,R7,15.349462,75.151734
UBL,R7,15.349476,75.151711
UBL,R7,15.349491,75.151689
UBL,R7,15.349504,75.151668
UBL,R7,15.349517,75.151645
UBL,R7,15.349531,75.151623
UBL,R7,15.349544,75.151603
UBL,R7,15.349557,75.151581
UBL,R7,15.349571,75.151558
UBL,R7,15.349584,75.151535
UBL,R7,15.349599,75.151513
UBL,R7,15.349613,75.151491
UBL,R7,15.349626,75.151468
UBL,R7,15.349639,75.151445
UBL,R7,15.349654,75.151422
UBL,R7,15.349668,75.151399
UBL,R7,15.349683,75.151376
UBL,R7,15.349698,75.151354
UBL,R7,15.349712,75.151331
UBL,R7,15.349726,75.151308
UBL,R7,15.34974,75.151285
UBL,R7,15.349755,75.151263
UBL,R7,15.349771,75.15124
UBL,R7,15.349786,75.151218
UBL,R7,15.349802,75.151196
UBL,R7,15.349818,75.151173
UBL,R7,15.349833,75.15115
UBL,R7,15.349848,75.151128
UBL,R7,15.349863,75.151106
UBL,R7,15.349878,75.151084
UBL,R7,15.349893,75.151062
UBL,R7,15.349908,75.15104
UBL,R7,15.349922,75.151018
UBL,R7,15.349935,75.150996
UBL,R7,15.349949,75.150976
UBL,R7,15.349963,75.150955
UBL,R7,15.349977,75.150934
UBL,R7,15.349991,75.150914
UBL,R7,15.350005,75.150894
UBL,R7,15.350018,75.150874
UBL,R7,15.350031,75.150854
UBL,R7,15.350043,75.150834
UBL,R7,15.350057,75.150814
UBL,R7,15.35007,75.150794
UBL,R7,15.350083,75.150774
UBL,R7,15.350096,75.150754
UBL,R7,15.350109,75.150734
UBL,R7,15.350122,75.150714
UBL,R7,15.350135,75.150695
UBL,R7,15.350148,75.150677
UBL,R7,15.35016,75.150658
UBL,R7,15.350172,75.15064
UBL,R7,15.350184,75.150621
UBL,R7,15.350196,75.150603
UBL,R7,15.350207,75.150585
UBL,R7,15.350218,75.150567
UBL,R7,15.350229,75.150549
UBL,R7,15.35024,75.150531
UBL,R7,15.350251,75.150514
UBL,R7,15.350261,75.150496
UBL,R7,15.350271,75.150479
UBL,R7,15.350282,75.150462
UBL,R7,15.350292,75.150445
UBL,R7,15.350302,75.150429
UBL,R7,15.350312,75.150413
UBL,R7,15.350322,75.150397
UBL,R7,15.350332,75.150382
UBL,R7,15.350341,75.150367
UBL,R7,15.35035,75.150351
UBL,R7,15.350359,75.150336
UBL,R7,15.350367,75.150321
UBL,R7,15.350376,75.150306
UBL,R7,15.350385,75.150292
UBL,R7,15.350393,75.150279
UBL,R7,15.350402,75.150265
UBL,R7,15.350411,75.150252
UBL,R7,15.350419,75.150237
UBL,R7,15.350428,75.150223
UBL,R7,15.350437,75.150211
UBL,R7,15.350445,75.150198
UBL,R7,15.350454,75.150185
UBL,R7,15.350461,75.150172
UBL,R7,15.350469,75.150159
UBL,R7,15.350477,75.150147
UBL,R7,15.350484,75.150135
UBL,R7,15.350492,75.150123
UBL,R7,15.350499,75.15011
UBL,R7,15.350507,75.150099
UBL,R7,15.350514,75.150087
UBL,R7,15.350522,75.150075
UBL,R7,15.35053,75.150064
UBL,R7,15.350537,75.150053
UBL,R7,15.350545,75.150042
UBL,R7,15.350552,75.150031
UBL,R7,15.350559,75.150021
UBL,R7,15.350566,75.150011
UBL,R7,15.350573,75.150001
UBL,R7,15.350579,75.149992
UBL,R7,15.350586,75.149982
UBL,R7,15.350592,75.149973
UBL,R7,15.350599,75.149964
UBL,R7,15.350605,75.149955
UBL,R7,15.350612,75.149946
UBL,R7,15.350618,75.149936
UBL,R7,15.350624,75.149927
UBL,R7,15.35063,75.149919
UBL,R7,15.350636,75.14991
UBL,R7,15.350643,75.149901
UBL,R7,15.350651,75.149893
UBL,R7,15.350658,75.149885
UBL,R7,15.350663,75.149875
UBL,R7,15.350669,75.149866
UBL,R7,15.350676,75.149857
UBL,R7,15.350683,75.149847
UBL,R7,15.35069,75.149837
UBL,R7,15.350696,75.149826
UBL,R7,15.350703,75.149816
UBL,R7,15.350711,75.149805
UBL,R7,15.350718,75.149795
UBL,R7,15.350725,75.149784
UBL,R7,15.350732,75.149773
UBL,R7,15.350738,75.149761
UBL,R7,15.350744,75.149749
UBL,R7,15.35075,75.149738
UBL,R7,15.350756,75.149726
UBL,R7,15.350763,75.149714
UBL,R7,15.35077,75.149702
UBL,R7,15.350777,75.149692
UBL,R7,15.350784,75.14968
UBL,R7,15.350792,75.149669
UBL,R7,15.350799,75.149657
UBL,R7,15.350806,75.149646
UBL,R7,15.350813,75.149634
UBL,R7,15.350821,75.149623
UBL,R7,15.350828,75.149612
UBL,R7,15.350835,75.149601
UBL,R7,15.350842,75.14959
UBL,R7,15.350848,75.14958
UBL,R7,15.350855,75.14957
UBL,R7,15.350862,75.14956
UBL,R7,15.35087,75.149551
UBL,R7,15.350878,75.149541
UBL,R7,15.350885,75.149532
UBL,R7,15.350892,75.149522
UBL,R7,15.350898,75.149513
UBL,R7,15.350904,75.149503
UBL,R7,15.35091,75.149493
UBL,R7,15.350916,75.149484
UBL,R7,15.350922,75.149475
UBL,R7,15.350927,75.149466
UBL,R7,15.350933,75.149457
UBL,R7,15.350938,75.149449
UBL,R7,15.350944,75.14944
UBL,R7,15.350948,75.149432
UBL,R7,15.350953,75.149423
UBL,R7,15.350958,75.149414
UBL,R7,15.350963,75.149406
UBL,R7,15.350968,75.149397
UBL,R7,15.350973,75.149389
UBL,R7,15.350978,75.149381
UBL,R7,15.350983,75.149372
UBL,R7,15.350988,75.149364
UBL,R7,15.350993,75.149355
UBL,R7,15.350998,75.149348
UBL,R7,15.351002,75.14934
UBL,R7,15.351007,75.149333
UBL,R7,15.351011,75.149326
UBL,R7,15.351016,75.149319
UBL,R7,15.351021,75.149313
UBL,R7,15.351026,75.149306
UBL,R7,15.351031,75.149299
UBL,R7,15.351035,75.149292
UBL,R7,15.351039,75.149285
UBL,R7,15.351044,75.149278
UBL,R7,15.351049,75.149271
UBL,R7,15.351054,75.149263
UBL,R7,15.351059,75.149255
UBL,R7,15.351064,75.149247
UBL,R7,15.351069,75.149238
UBL,R7,15.351074,75.14923
UBL,R7,15.351079,75.149222
UBL,R7,15.351085,75.149213
UBL,R7,15.35109,75.149204
UBL,R7,15.351096,75.149196
UBL,R7,15.351102,75.149187
UBL,R7,15.351108,75.149178
UBL,R7,15.351114,75.149169
UBL,R7,15.35112,75.149159
UBL,R7,15.351127,75.14915
UBL,R7,15.351133,75.14914
UBL,R7,15.351138,75.14913
UBL,R7,15.351144,75.149119
UBL,R7,15.35115,75.149109
UBL,R7,15.351156,75.149099
UBL,R7,15.351162,75.149089
UBL,R7,15.351167,75.149079
UBL,R7,15.351171,75.149069
UBL,R7,15.351176,75.14906
UBL,R7,15.35118,75.149051
UBL,R7,15.351185,75.149044
UBL,R7,15.351188,75.149038
UBL,R7,15.351192,75.149033
UBL,R7,15.351197,75.149027
UBL,R7,15.351201,75.149019
UBL,R7,15.351207,75.14901
UBL,R7,15.351209,75.149001
UBL,R7,15.351211,75.148991
UBL,R7,15.351215,75.148981
UBL,R7,15.351221,75.148971
UBL,R7,15.351228,75.148961
UBL,R7,15.351234,75.148952
UBL,R7,15.351242,75.148943
UBL,R7,15.351248,75.148935
UBL,R7,15.351255,75.148925
UBL,R7,15.351262,75.148916
UBL,R7,15.351268,75.148907
UBL,R7,15.351272,75.1489
UBL,R7,15.351277,75.148893
UBL,R7,15.351281,75.148886
UBL,R7,15.351285,75.14888
UBL,R7,15.351289,75.148873
UBL,R7,15.351294,75.148868
UBL,R7,15.351299,75.148863
UBL,R7,15.351303,75.148858
UBL,R7,15.351308,75.148853
UBL,R7,15.351312,75.148848
UBL,R7,15.351316,75.148842
UBL,R7,15.35132,75.148837
UBL,R7,15.351324,75.148832
UBL,R7,15.351328,75.148826
UBL,R7,15.351332,75.14882
UBL,R7,15.351336,75.148815
UBL,R7,15.35134,75.14881
UBL,R7,15.351342,75.148805
UBL,R7,15.351346,75.148801
UBL,R7,15.351349,75.148796
UBL,R7,15.351353,75.148791
UBL,R7,15.351357,75.148785
UBL,R7,15.35136,75.14878
UBL,R7,15.351364,75.148774
UBL,R7,15.351367,75.148769
UBL,R7,15.351371,75.148764
UBL,R7,15.351374,75.148759
UBL,R7,15.351378,75.148754
UBL,R7,15.351381,75.148749
UBL,R7,15.351384,75.148744
UBL,R7,15.351388,75.148739
UBL,R7,15.351392,75.148735
UBL,R7,15.351394,75.148731
UBL,R7,15.351397,75.148727
UBL,R7,15.351399,75.148723
UBL,R7,15.351402,75.148718
UBL,R7,15.351405,75.148715
UBL,R7,15.351408,75.148712
UBL,R7,15.35141,75.148708
UBL,R7,15.351412,75.148705
UBL,R7,15.351413,75.148703
UBL,R7,15.351415,75.1487
UBL,R7,15.351416,75.148698
UBL,R7,15.351416,75.148697
UBL,R7,15.351415,75.148697
UBL,R7,15.351415,75.148698
UBL,R7,15.351415,75.148699
UBL,R7,15.351415,75.148701
UBL,R7,15.351415,75.148702
UBL,R7,15.351416,75.148702
UBL,R7,15.351416,75.148703
UBL,R7,15.351417,75.148703
UBL,R7,15.351418,75.148702
UBL,R7,15.351418,75.148703
UBL,R7,15.351419,75.148703
UBL,R7,15.351419,75.148702
UBL,R7,15.35142,75.148702
UBL,R7,15.35142,75.148701
UBL,R7,15.35142,75.1487
UBL,R7,15.351421,75.1487
UBL,R7,15.351421,75.148699
UBL,R7,15.351421,75.148698
UBL,R7,15.351421,75.148697
UBL,R7,15.351422,75.148696
UBL,R7,15.351422,75.148695
UBL,R7,15.351422,75.148694
UBL,R7,15.351422,75.148693
UBL,R7,15.351422,75.148692
UBL,R7,15.351421,75.148691
UBL,R7,15.351421,75.14869
UBL,R7,15.351421,75.148689
UBL,R7,15.351421,75.148688
UBL,R7,15.351421,75.148687
UBL,R7,15.351421,75.148686
UBL,R7,15.351421,75.148685
UBL,R7,15.351421,75.148684
UBL,R7,15.351421,75.148683
UBL,R7,15.351421,75.148682
UBL,R7,15.351422,75.148681
UBL,R7,15.351421,75.148681
UBL,R7,15.351421,75.14868
UBL,R7,15.35142,75.148681
UBL,R7,15.351419,75.148681
UBL,R7,15.351418,75.148682
UBL,R7,15.351418,75.148683
UBL,R7,15.351417,75.148684
UBL,R7,15.351416,75.148685
UBL,R7,15.351415,75.148686
UBL,R7,15.351414,75.148687
UBL,R7,15.351414,75.148688
UBL,R7,15.351413,75.148688
UBL,R7,15.351413,75.148689
UBL,R7,15.351412,75.148689
UBL,R7,15.351411,75.148689
UBL,R7,15.351411,75.14869
UBL,R7,15.35141,75.14869
UBL,R7,15.351409,75.14869
UBL,R7,15.351408,75.148691
UBL,R7,15.351407,75.148691
UBL,R7,15.351406,75.148691
UBL,R7,15.351406,75.148692
UBL,R7,15.351406,75.148693
UBL,R7,15.351406,75.148694
UBL,R7,15.351405,75.148695
UBL,R7,15.351406,75.148696
UBL,R7,15.351406,75.148697
UBL,R7,15.351407,75.148697
UBL,R7,15.351408,75.148698
UBL,R7,15.351408,75.148699
UBL,R7,15.351409,75.148699
UBL,R7,15.351409,75.1487
UBL,R7,15.351409,75.148701
UBL,R7,15.35141,75.148702
UBL,R7,15.35141,75.148703
UBL,R7,15.35141,75.148704
UBL,R7,15.35141,75.148705
UBL,R7,15.351411,75.148705
UBL,R7,15.351413,75.148705
UBL,R7,15.351413,75.148704
UBL,R7,15.351414,75.148704
UBL,R7,15.351415,75.148704
UBL,R7,15.351421,75.148702
UBL,R7,15.351421,75.148701
UBL,R7,15.351422,75.148701
UBL,R7,15.351422,75.1487
UBL,R7,15.351423,75.1487
UBL,R7,15.351423,75.148699
UBL,R7,15.351423,75.148698
UBL,R7,15.351424,75.148698
UBL,R7,15.351424,75.148697
UBL,R7,15.351425,75.148697
UBL,R7,15.351425,75.148696
UBL,R7,15.351425,75.148695
UBL,R7,15.351425,75.148694
UBL,R7,15.351426,75.148693
UBL,R7,15.351426,75.148692
UBL,R7,15.351427,75.148692
UBL,R7,15.351427,75.148691
UBL,R7,15.351427,75.14869
UBL,R7,15.351428,75.14869
UBL,R7,15.351429,75.14869
UBL,R7,15.35143,75.14869
UBL,R7,15.351431,75.14869
UBL,R7,15.351432,75.14869
UBL,R7,15.351432,75.148689
UBL,R7,15.351432,75.148688
UBL,R7,15.351432,75.148687
UBL,R7,15.351432,75.148686
UBL,R7,15.351433,75.148685
UBL,R7,15.351433,75.148684
UBL,R7,15.351433,75.148683
UBL,R7,15.351433,75.148682
UBL,R7,15.351433,75.148681
UBL,R7,15.351434,75.14868
UBL,R7,15.351435,75.148679
UBL,R7,15.351435,75.148677
UBL,R7,15.351437,75.148675
UBL,R7,15.351438,75.148673
UBL,R7,15.351439,75.148671
UBL,R7,15.35144,75.148668
UBL,R7,15.351442,75.148666
UBL,R7,15.351444,75.148663
UBL,R7,15.351446,75.14866
UBL,R7,15.351448,75.148657
UBL,R7,15.35145,75.148653
UBL,R7,15.351452,75.14865
UBL,R7,15.351455,75.148645
UBL,R7,15.351458,75.148641
UBL,R7,15.351461,75.148636
UBL,R7,15.351464,75.148631
UBL,R7,15.351467,75.148626
UBL,R7,15.351471,75.14862
UBL,R7,15.351474,75.148614
UBL,R7,15.351477,75.148608
UBL,R7,15.351481,75.148602
UBL,R7,15.351485,75.148596
UBL,R7,15.351489,75.148589
UBL,R7,15.351493,75.148583
UBL,R7,15.351497,75.148577
UBL,R7,15.351501,75.148571
UBL,R7,15.351506,75.148564
UBL,R7,15.35151,75.148557
UBL,R7,15.351514,75.14855
UBL,R7,15.351519,75.148543
UBL,R7,15.351524,75.148536
UBL,R7,15.351529,75.148528
UBL,R7,15.351534,75.148521
UBL,R7,15.35154,75.148512
UBL,R7,15.351545,75.148504
UBL,R7,15.351551,75.148495
UBL,R7,15.351556,75.148486
UBL,R7,15.351562,75.148477
UBL,R7,15.351567,75.148468
UBL,R7,15.351572,75.14846
UBL,R7,15.351578,75.14845
UBL,R7,15.351583,75.148441
UBL,R7,15.351589,75.148432
UBL,R7,15.351595,75.148423
UBL,R7,15.3516,75.148414
UBL,R7,15.351607,75.148404
UBL,R7,15.351613,75.148395
UBL,R7,15.351619,75.148385
UBL,R7,15.351625,75.148376
UBL,R7,15.351632,75.148366
UBL,R7,15.351638,75.148356
UBL,R7,15.351645,75.148346
UBL,R7,15.351651,75.148336
UBL,R7,15.351658,75.148325
UBL,R7,15.351665,75.148314
UBL,R7,15.351672,75.148303
UBL,R7,15.351679,75.148293
UBL,R7,15.351686,75.148281
UBL,R7,15.351693,75.14827
UBL,R7,15.351701,75.148259
UBL,R7,15.351709,75.148247
UBL,R7,15.351717,75.148236
UBL,R7,15.351724,75.148224
UBL,R7,15.351733,75.148212
UBL,R7,15.351741,75.148201
UBL,R7,15.351749,75.148188
UBL,R7,15.351758,75.148175
UBL,R7,15.351766,75.148162
UBL,R7,15.351774,75.148149
UBL,R7,15.351783,75.148135
UBL,R7,15.351792,75.148123
UBL,R7,15.351801,75.148109
UBL,R7,15.351809,75.148094
UBL,R7,15.351818,75.148081
UBL,R7,15.351827,75.148067
UBL,R7,15.351836,75.148052
UBL,R7,15.351846,75.148037
UBL,R7,15.351856,75.148022
UBL,R7,15.351866,75.148007
UBL,R7,15.351875,75.147991
UBL,R7,15.351884,75.147975
UBL,R7,15.351893,75.147959
UBL,R7,15.351902,75.147943
UBL,R7,15.351911,75.147927
UBL,R7,15.35192,75.14791
UBL,R7,15.351928,75.147894
UBL,R7,15.351937,75.147877
UBL,R7,15.351946,75.14786
UBL,R7,15.351954,75.147842
UBL,R7,15.351963,75.147825
UBL,R7,15.351971,75.147807
UBL,R7,15.351978,75.147788
UBL,R7,15.351987,75.14777
UBL,R7,15.351995,75.147752
UBL,R7,15.352002,75.147733
UBL,R7,15.352009,75.147715
UBL,R7,15.352017,75.147696
UBL,R7,15.352025,75.147677
UBL,R7,15.352032,75.147658
UBL,R7,15.352039,75.147638
UBL,R7,15.352046,75.147618
UBL,R7,15.352052,75.147599
UBL,R7,15.352059,75.147579
UBL,R7,15.352066,75.14756
UBL,R7,15.352073,75.14754
UBL,R7,15.35208,75.14752
UBL,R7,15.352087,75.1475
UBL,R7,15.352094,75.14748
UBL,R7,15.352101,75.147461
UBL,R7,15.352108,75.147441
UBL,R7,15.352114,75.147422
UBL,R7,15.352121,75.147404
UBL,R7,15.352128,75.147385
UBL,R7,15.352135,75.147368
UBL,R7,15.352143,75.14735
UBL,R7,15.352151,75.147331
UBL,R7,15.352158,75.147313
UBL,R7,15.352166,75.147296
UBL,R7,15.352174,75.147279
UBL,R7,15.352181,75.147261
UBL,R7,15.352189,75.147244
UBL,R7,15.352196,75.147226
UBL,R7,15.352204,75.147209
UBL,R7,15.352212,75.147192
UBL,R7,15.35222,75.147176
UBL,R7,15.352228,75.147159
UBL,R7,15.352235,75.147143
UBL,R7,15.352244,75.147127
UBL,R7,15.352252,75.147111
UBL,R7,15.35226,75.147095
UBL,R7,15.352268,75.147079
UBL,R7,15.352276,75.147063
UBL,R7,15.352285,75.147048
UBL,R7,15.352293,75.147033
UBL,R7,15.352301,75.147018
UBL,R7,15.35231,75.147003
UBL,R7,15.352318,75.146988
UBL,R7,15.352327,75.146973
UBL,R7,15.352336,75.146958
UBL,R7,15.352344,75.146943
UBL,R7,15.352353,75.146928
BJP,R1,16.833804,75.739466
BJP,R1,16.833765,75.739468
BJP,R1,16.833726,75.739469
BJP,R1,16.833686,75.73947
BJP,R1,16.833646,75.739471
BJP,R1,16.833606,75.739472
BJP,R1,16.833566,75.739473
BJP,R1,16.833526,75.739474
BJP,R1,16.833486,75.739476
BJP,R1,16.833448,75.739477
BJP,R1,16.83341,75.739478
BJP,R1,16.833373,75.739479
BJP,R1,16.833336,75.73948
BJP,R1,16.8333,75.739481
BJP,R1,16.833266,75.739482
BJP,R1,16.833232,75.739485
BJP,R1,16.833198,75.739487
BJP,R1,16.833165,75.739489
BJP,R1,16.833132,75.739491
BJP,R1,16.833101,75.739493
BJP,R1,16.83307,75.739496
BJP,R1,16.83304,75.739499
BJP,R1,16.833009,75.7395
BJP,R1,16.832978,75.739501
BJP,R1,16.832949,75.739503
BJP,R1,16.832918,75.739504
BJP,R1,16.832888,75.739507
BJP,R1,16.832857,75.739509
BJP,R1,16.832826,75.739511
BJP,R1,16.832793,75.739513
BJP,R1,16.832761,75.739517
BJP,R1,16.832728,75.739519
BJP,R1,16.832694,75.739521
BJP,R1,16.832659,75.739524
BJP,R1,16.832624,75.739525
BJP,R1,16.832588,75.739528
BJP,R1,16.832552,75.739531
BJP,R1,16.832516,75.739534
BJP,R1,16.83248,75.739537
BJP,R1,16.832444,75.739538
BJP,R1,16.832407,75.73954
BJP,R1,16.83237,75.739542
BJP,R1,16.832334,75.739543
BJP,R1,16.832298,75.739544
BJP,R1,16.832262,75.739544
BJP,R1,16.832227,75.739546
BJP,R1,16.832191,75.739548
BJP,R1,16.832155,75.73955
BJP,R1,16.832118,75.739552
BJP,R1,16.832082,75.739554
BJP,R1,16.832046,75.739555
BJP,R1,16.83201,75.739557
BJP,R1,16.831975,75.739559
BJP,R1,16.831938,75.73956
BJP,R1,16.831902,75.739561
BJP,R1,16.831866,75.739563
BJP,R1,16.831831,75.739564
BJP,R1,16.831795,75.739566
BJP,R1,16.83176,75.739567
BJP,R1,16.831725,75.739568
BJP,R1,16.83169,75.73957
BJP,R1,16.831655,75.739571
BJP,R1,16.831619,75.739572
BJP,R1,16.831585,75.739574
BJP,R1,16.83155,75.739575
BJP,R1,16.831515,75.739575
BJP,R1,16.831481,75.739576
BJP,R1,16.831446,75.739577
BJP,R1,16.831412,75.739577
BJP,R1,16.831379,75.739578
BJP,R1,16.831344,75.739579
BJP,R1,16.831309,75.73958
BJP,R1,16.831275,75.739581
BJP,R1,16.831242,75.739582
BJP,R1,16.831208,75.739584
BJP,R1,16.831175,75.739585
BJP,R1,16.831142,75.739587
BJP,R1,16.831108,75.73959
BJP,R1,16.831074,75.739591
BJP,R1,16.83104,75.739592
BJP,R1,16.831007,75.739592
BJP,R1,16.830974,75.739591
BJP,R1,16.830939,75.739592
BJP,R1,16.830905,75.739594
BJP,R1,16.830871,75.739594
BJP,R1,16.830837,75.739595
BJP,R1,16.830804,75.739595
BJP,R1,16.830771,75.739595
BJP,R1,16.830738,75.739596
BJP,R1,16.830702,75.739595
BJP,R1,16.830667,75.739594
BJP,R1,16.830632,75.739592
BJP,R1,16.830596,75.739591
BJP,R1,16.83056,75.739592
BJP,R1,16.830524,75.739592
BJP,R1,16.830489,75.739593
BJP,R1,16.830455,75.739594
BJP,R1,16.830421,75.739595
BJP,R1,16.830386,75.739597
BJP,R1,16.830352,75.739598
BJP,R1,16.830319,75.739599
BJP,R1,16.830285,75.739599
BJP,R1,16.830252,75.7396
BJP,R1,16.830219,75.739601
BJP,R1,16.830187,75.739602
BJP,R1,16.830154,75.739602
BJP,R1,16.830122,75.739603
BJP,R1,16.830091,75.739604
BJP,R1,16.830061,75.739604
BJP,R1,16.830033,75.739605
BJP,R1,16.830006,75.739607
BJP,R1,16.829979,75.739608
BJP,R1,16.829955,75.739609
BJP,R1,16.829931,75.73961
BJP,R1,16.829909,75.739612
BJP,R1,16.829887,75.739614
BJP,R1,16.829864,75.739613
BJP,R1,16.829842,75.739614
BJP,R1,16.829822,75.739616
BJP,R1,16.829801,75.739616
BJP,R1,16.82978,75.739617
BJP,R1,16.829762,75.739618
BJP,R1,16.829743,75.73962
BJP,R1,16.829729,75.739622
BJP,R1,16.829718,75.739623
BJP,R1,16.829711,75.739624
BJP,R1,16.829707,75.739625
BJP,R1,16.829705,75.739626
BJP,R1,16.829706,75.739626
BJP,R1,16.829682,75.739637
BJP,R1,16.829674,75.739638
BJP,R1,16.829666,75.739638
BJP,R1,16.829657,75.739637
BJP,R1,16.829648,75.739637
BJP,R1,16.829639,75.739636
BJP,R1,16.82963,75.739637
BJP,R1,16.829622,75.739637
BJP,R1,16.829613,75.739637
BJP,R1,16.829605,75.739637
BJP,R1,16.829596,75.739638
BJP,R1,16.829587,75.739639
BJP,R1,16.829578,75.73964
BJP,R1,16.829569,75.73964
BJP,R1,16.829559,75.73964
BJP,R1,16.829549,75.73964
BJP,R1,16.82954,75.73964
BJP,R1,16.829529,75.73964
BJP,R1,16.829518,75.73964
BJP,R1,16.829507,75.739641
BJP,R1,16.829496,75.739641
BJP,R1,16.829484,75.739641
BJP,R1,16.829472,75.739641
BJP,R1,16.82946,75.739641
BJP,R1,16.829448,75.739641
BJP,R1,16.829436,75.739641
BJP,R1,16.829423,75.739641
BJP,R1,16.82941,75.739641
BJP,R1,16.829395,75.739641
BJP,R1,16.829381,75.739643
BJP,R1,16.829366,75.739643
BJP,R1,16.829351,75.739644
BJP,R1,16.829334,75.739645
BJP,R1,16.829316,75.739646
BJP,R1,16.829297,75.739646
BJP,R1,16.829278,75.739647
BJP,R1,16.829259,75.739648
BJP,R1,16.82924,75.739649
BJP,R1,16.829221,75.73965
BJP,R1,16.829202,75.739651
BJP,R1,16.829183,75.739651
BJP,R1,16.829163,75.739651
BJP,R1,16.829144,75.739651
BJP,R1,16.829125,75.73965
BJP,R1,16.829106,75.73965
BJP,R1,16.829087,75.73965
BJP,R1,16.829068,75.73965
BJP,R1,16.829048,75.73965
BJP,R1,16.829028,75.739649
BJP,R1,16.829008,75.739648
BJP,R1,16.828988,75.739648
BJP,R1,16.828968,75.739648
BJP,R1,16.828947,75.739648
BJP,R1,16.828926,75.739649
BJP,R1,16.828906,75.739651
BJP,R1,16.828885,75.739652
BJP,R1,16.828864,75.739653
BJP,R1,16.828842,75.739653
BJP,R1,16.828819,75.739654
BJP,R1,16.828797,75.739654
UBL,R2,15.348254,75.154456
UBL,R2,15.348182,75.15488
UBL,R2,15.348134,75.155199
UBL,R2,15.34809,75.155483
UBL,R2,15.348057,75.155671
UBL,R2,15.347999,75.156087
UBL,R2,15.347969,75.156278
UBL,R2,15.347925,75.156538
UBL,R2,15.347788,75.157466
UBL,R2,15.347739,75.157861
UBL,R2,5.347675,75.158232
UBL,R2,15.347608,75.158686
UBL,R2,15.347556,75.158953
UBL,R2,15.347505,75.159361
UBL,R2,15.347435,75.159781
UBL,R2,15.347385,75.160095
UBL,R1,15.3482431149181,75.1541742347585
UBL,R1,15.3481858281428,75.1545343745307
UBL,R1,15.3481407031739,75.154839679336
UBL,R1,15.3481027164311,75.1550899648494
UBL,R1,15.3480714722043,75.15530107461
UBL,R1,15.3480297048906,75.1555601509563
UBL,R1,15.3479919333923,75.155786793755
UBL,R1,15.347969038818,75.1559798208407
UBL,R1,15.3479326241786,75.1562740150754
UBL,R1,15.3478996873031,75.1565025653662
UBL,R1,15.347854226459,75.1567807334898
UBL,R1,15.3478174313242,75.1570023181175
UBL,R1,15.3477976720781,75.1571427243359
UBL,R1,15.3477366866432,75.157527904773
UBL,R1,15.3476914492114,75.1578080922211
UBL,R1,15.3476094108253,5.15835679460461
UBL,R1,15.347523199434,75.158951851372
UBL,R1,15.3474371811296,75.1594299412527
UBL,R1,15.3473711279182,75.1598368182625
UBL,R1,15.3473314524359,75.1600831654314
UBL,R3,15.3511881633008,75.1482786392823
UBL,R3,15.3510466324525,75.1484926752597
UBL,R3,15.350921100555,75.1486774137077
UBL,R3,15.3507918679442,75.1488990149949
UBL,R3,15.3506350621497,75.1491444870322
UBL,R3,15.3504808400473,75.1493969463746
UBL,R3,15.3502558281811,75.1497401417064
UBL,R3,15.3500353617692,75.1500894641284
UBL,R3,15.3498310413713,75.1503826734087
UBL,R3,15.3496728212142,75.1506323475918
UBL,R3,15.3495127105663,75.1508746348386
UBL,R3,15.3493950134888,75.151064067299
UBL,R3,15.3492807121104,75.1512519497803
UBL,R3,15.3491894603641,75.151411337062
UBL,R3,15.3490799020671,75.1516058798711
UBL,R3,15.3489918683527,75.1518025253763
UBL,R3,15.3489177703086,75.1519546769468
UBL,R3,15.3488267880331,75.1521641031843
UBL,R3,15.3487631359328,75.1523031300755
UBL,R3,15.348687383391,75.152554190639
UBL,R3,15.3486133625616,75.1528028118178
UBL,R3,15.3485645037843,75.1530118928681
UBL,R3,15.3485169568381,75.153312818121
UBL,R3,15.348471176673,75.1536152673606
UBL,R4,15.3513935155587,75.1480978884761
UBL,R4,15.3512511346743,75.1483235106556
UBL,R4,15.3511329414845,75.1485199696721
UBL,R4,15.3510267612404,75.1486791455234
UBL,R4,15.3508878365457,75.1488877599614
UBL,R4,15.3507894835387,75.1490484813453
UBL,R4,15.3506614020727,75.1492410506503
UBL,R4,15.3505160210695,75.1494551791596
UBL,R4,15.3503649645928,75.1496816657976
UBL,R4,15.3502392231934,75.1498982157233
UBL,R4,15.3501023570427,75.1500884268874
UBL,R4,15.3499659068641,75.1503027742648
UBL,R4,15.3498286318049,75.150527843073
UBL,R4,15.3496812140185,75.1507539479636
UBL,R4,15.3495656020249,75.1509331484081
UBL,R4,15.3494601021701,75.1510966223878
UBL,R4,15.3493523723335,75.1512656385677
UBL,R4,15.3492534425511,75.1514231786262
UBL,R4,15.3491747449406,75.1515847046689
UBL,R4,15.3490743501181,75.1517593852124
UBL,R4,15.3489830681644,75.1519633344638
UBL,R4,15.3489165184654,75.1521099697973
UBL,R4,15.3488409880564,75.1523151454989
UBL,R4,15.3487854366659,75.1525046704944
UBL,R4,15.3487248082362,75.1526908349406
UBL,R4,15.3486761090159,75.1528981636548
UBL,R4,15.3486354521455,75.1531134643061
UBL,R4,15.3485915799996,75.1533468454416
UBL,R4,15.3485441366015,75.1535860813256
UBL,R4,15.3485086743456,75.1538515717528
UBL,R5,15.3514955754784,75.148192218239
UBL,R5,15.3513556363762,75.1484255035658
UBL,R5,15.3512557158255,75.1485972266596
UBL,R5,15.3511426759441,75.1487692075824
UBL,R5,15.3510444050486,75.1489334646381
UBL,R5,15.3509315771168,75.1491121687541
UBL,R5,15.3508254168524,75.1492594616403
UBL,R5,15.3507399913216,75.1493856283032
UBL,R5,15.350660952308,75.1495150071829
UBL,R5,15.3505520454472,75.1496565903325
UBL,R5,15.3504730201499,75.1497969977883
UBL,R5,15.3503911725239,75.1499231249513
UBL,R5,15.3502937701938,75.1500815122723
UBL,R5,15.3502037216012,75.1502171956072
UBL,R5,15.350109298846,75.1503673606331
UBL,R5,15.3499905685324,75.1505492072397
UBL,R5,15.3499049139397,75.1506803914451
UBL,R5,15.3497978508448,75.1508209457092
UBL,R5,15.3496983419467,75.1509982617824
UBL,R5,15.3495906269938,75.1511541359518
UBL,R5,15.3495037607108,75.1512949920789
UBL,R5,15.3494178053825,75.1514359664806
UBL,R5,15.3493365879333,75.1515691830056
UBL,R5,15.3492318247393,75.1517188801429
UBL,R5,15.3491508602077,75.1518696623975
UBL,R5,15.3490559018184,75.1520345435453
UBL,R5,15.3489789333602,75.1522147228565
UBL,R5,15.3488971780221,75.1524048236236
UBL,R5,15.3488328055055,75.1525828441015
UBL,R5,15.3487791393555,75.152729874808
UBL,R5,15.3487197077669,75.1529099707767
UBL,R6,15.3485984360289,75.153838557268
UBL,R6,15.3486391677874,75.1535963434193
UBL,R6,15.3486880653804,75.1533072125097
UBL,R6,15.3487355457581,75.1530769071971
UBL,R6,15.3487824414675,75.1529053855504
UBL,R6,15.3488336947348,75.1527313753373
UBL,R6,15.3488815255444,75.1525762790373
UBL,R6,15.3489285878005,75.1524588096906
UBL,R6,15.3489723061263,75.1523533903205
UBL,R6,15.3490365056706,75.1522217670939
UBL,R6,15.3490949549727,75.1521041332503
UBL,R6,15.3491616710226,75.1519579364925
UBL,R6,15.3492307584848,75.1518338150371
UBL,R6,15.3493133051985,75.1517081744211
UBL,R6,15.3493813783752,75.1515917555572
UBL,R6,15.3494586427577,75.1514785338103
UBL,R6,15.3495316004729,75.1513739085486
UBL,R6,15.3495870256992,75.151283919336
UBL,R6,15.3496591896956,75.1511771936286
UBL,R6,15.3497366281115,75.1510526987395
UBL,R6,15.3498202513179,75.1509357904749
UBL,R6,15.3499000605239,75.1508109330702
UBL,R6,15.3499752748378,75.15067843703
UBL,R6,15.3500604180707,75.1505623195168
UBL,R6,15.3501550435421,75.1504107998799
UBL,R6,15.3502475256991,75.1502661625187
UBL,R6,15.3503243964361,75.1501375934148
UBL,R6,15.3504153601784,75.1500043425853
UBL,R6,15.3504899327079,75.1498924335556
UBL,R6,15.3505600507741,75.1497712048359
UBL,R6,15.3506589455739,75.1496374775773
BJP,R2,16.8283753896091,75.7397549398914
BJP,R2,15.3486391677874,75.1535963434193
BJP,R2,15.3486880653804,75.1533072125097
BJP,R2,15.3487355457581,75.1530769071971
BJP,R2,15.3487824414675,75.1529053855504
BJP,R2,15.3488336947348,75.1527313753373
BJP,R2,15.3488815255444,75.1525762790373
BJP,R2,15.3489285878005,75.1524588096906
BJP,R2,15.3489723061263,75.1523533903205
BJP,R2,15.3490365056706,75.1522217670939
BJP,R2,15.3490949549727,75.1521041332503
BJP,R2,15.3491616710226,75.1519579364925
BJP,R2,15.3492307584848,75.1518338150371
BJP,R2,15.3493133051985,75.1517081744211
BJP,R2,15.3493813783752,75.1515917555572
BJP,R2,15.3494586427577,75.1514785338103
BJP,R2,15.3495316004729,75.1513739085486
BJP,R2,15.3495870256992,75.151283919336
BJP,R2,15.3496591896956,75.1511771936286
BJP,R2,15.3497366281115,75.1510526987395
BJP,R2,15.3498202513179,75.1509357904749
BJP,R2,15.3499000605239,75.1508109330702
BJP,R2,15.3499752748378,75.15067843703
BJP,R2,15.3500604180707,75.1505623195168
BJP,R2,15.3501550435421,75.1504107998799
BJP,R2,15.3502475256991,75.1502661625187
BJP,R2,15.3503243964361,75.1501375934148
BJP,R2,15.3504153601784,75.1500043425853
BJP,R2,15.3504899327079,75.1498924335556
BJP,R2,15.3505600507741,75.1497712048359
BJP,R2,15.3506589455739,75.1496374775773
BJP,R3,16.8283814610526,75.7398814706322
BJP,R3,16.8285203183392,75.7398813663929
BJP,R3,16.8286531885153,75.7398777057857
BJP,R3,16.8287986224042,75.7398727717618
BJP,R3,16.8289445465315,75.7398651925418
BJP,R3,16.8291133911645,75.7398606874655
BJP,R3,16.8292862879942,75.7398547463532
BJP,R3,16.8294492427447,75.7398383659123
BJP,R3,16.8296341008107,75.739836495159
BJP,R3,16.829796543267,75.7398301656128
BJP,R3,16.8299423753077,75.7398257001413
BJP,R3,16.8300789519796,75.739820783477
BJP,R3,16.8302302463124,75.7398193830411
BJP,R3,16.8303910637485,75.739812820114
BJP,R3,16.8305096750581,75.7398085328682
BJP,R3,16.83065151793,75.7398001568462
BJP,R3,16.8307756773574,75.7398003750193
BJP,R3,16.8308923749014,75.7397901766852
BJP,R3,16.8310441486654,75.7397749664015
BJP,R3,16.8311727307514,75.7397673507524
BJP,R3,16.8313012116377,75.7397428162581
BJP,R3,16.8314498469514,75.7397267700203
BJP,R3,16.8315963976779,75.7397143804746
BJP,R3,16.8317420585971,75.7396953229559
BJP,R3,16.8318814861378,75.7396858085919
BJP,R3,16.8320269305549,75.7396797641463
BJP,R3,16.8321640892166,75.7396698012055
BJP,R3,16.8322852486481,75.7396681476776
BJP,R3,16.832432549879,75.7396566015874
BJP,R3,16.8325775091038,75.7396462720923
BJP,R3,16.8327127408453,75.7396428277801
BAY,R3,15.1477370564854,76.9264809461991
BAY,R3,15.1476681588435,76.9263874431031
BAY,R3,15.1476053891736,76.9262944492253
BAY,R3,15.1475499151353,76.9262141714301
BAY,R3,15.147493945335,76.9261256945476
BAY,R3,15.147433241316,76.9260336711234
BAY,R3,15.1473884575459,76.9259672634894
BAY,R3,15.1473353380573,76.9258739394903
BAY,R3,15.1472741534944,76.925774414197
BAY,R3,15.147222742033,76.9256827993284
BAY,R3,15.1471661263788,76.9255837411155
BAY,R3,15.1471219440256,76.9255079648357
BAY,R3,15.1470823960155,76.9254408002264
BAY,R3,15.1470310478278,76.9253578943366
BAY,R3,15.1469860324363,76.9252795331936
BAY,R3,15.14694228974,76.9252084166026
BAY,R3,15.1468986755598,76.9251466425076
BAY,R3,15.1468615548139,76.9250895689501
BAY,R3,15.1468167292237,76.9250216798235
BAY,R3,15.1467644522872,76.9249522281379
BAY,R3,15.1467127765072,76.9248786379495
BAY,R3,15.1466611496406,76.9248066017521
BAY,R3,15.1465924109507,76.9247054806597
BAY,R3,15.1465300994097,76.9246198591002
BAY,R3,15.146460793949,76.9245202259627
BAY,R3,15.1464114218094,76.9244575520304
BAY,R3,15.1463511132645,76.9243789881854
BAY,R3,15.1462996772171,76.9243062975124
BAY,R3,15.1462428233974,76.9242313645208
BAY,R3,15.1461787038102,76.9241399685901
BAY,R3,15.146123759045,76.9240627452055
BAY,R4,15.1482698066746,76.9271663571024
BAY,R4,15.1481540151006,76.9269995159026
BAY,R4,15.1480258632014,76.9268033280665
BAY,R4,15.1479013919803,76.926630527971
BAY,R4,15.1477638417288,76.9264591921697
BAY,R4,15.1476464155161,76.9262894086061
BAY,R4,15.14753106081,76.9261067639587
BAY,R4,15.147422450482,76.9259331247987
BAY,R4,15.1473248183861,76.9257760698699
BAY,R4,15.1472339170882,76.9255955008865
BAY,R4,15.1471327665644,76.9254382191262
BAY,R4,15.1470587204022,76.9253012705357
BAY,R4,15.146939626536,76.9251270998052
BAY,R4,15.1468445163953,76.9249791803299
BAY,R4,15.1467669500848,76.9248673595147
BAY,R4,15.1466715351663,76.9247333224931
BAY,R4,15.1465701588832,76.9245915106266
BAY,R4,15.1464925220264,76.9244808163327
BAY,R4,15.1463943589309,76.9243341697801
BAY,R4,15.1462903204684,76.9242003599973
BAY,R4,15.1461994517495,76.924073674848
BAY,R4,15.1460965510068,76.923917711908
BAY,R4,15.1459906533641,76.923774526226
BAY,R4,15.1458744046298,76.9236310924093
BAY,R4,15.1457657084897,76.9234834862417
BAY,R4,15.1456515725374,76.9233281576438
BAY,R4,15.1455663638213,76.9232066404093
BAY,R4,15.1454796947049,76.9230728367979
BAY,R4,15.1453834284136,76.9229442207201
BAY,R4,15.145271680055,76.922787877179
BAY,R4,15.1451830444228,76.9226672536912
BAY,R5,15.1435481746041,76.9204257753927
BAY,R5,15.1436821503108,76.9205452659338
BAY,R5,15.1438292296005,76.9206918972019
BAY,R5,15.1439480241001,76.9207913670898
BAY,R5,15.1440950093145,76.9209236611535
BAY,R5,15.1442156184398,76.9210902677493
BAY,R5,15.1443158977681,76.9212204580323
BAY,R5,15.144407989551,76.9213265600525
BAY,R5,15.1445257663649,76.9214875472655
BAY,R5,15.1446411380152,76.9216586187608
BAY,R5,15.1447359824652,76.9218002438536
BAY,R5,15.1448240668568,76.9219171749875
BAY,R5,15.1449183861381,76.9220457296082
BAY,R5,15.1449883631716,76.9221503307538
BAY,R5,15.1450761547582,76.9222777180071
BAY,R5,15.1451976220393,76.9224418447076
BAY,R5,15.1452863912972,76.9225683855877
BAY,R5,15.1453637127319,76.9226991977646
BAY,R5,15.1454578393565,76.9228397960172
BAY,R5,15.1455557744837,76.9229709701369
BAY,R5,15.1456578117779,76.9231007678098
BAY,R5,15.1457605664729,76.923232607845
BAY,R5,15.1458588880118,76.9233711421155
BAY,R5,15.1459488386124,76.9234987662803
BAY,R5,15.1460541609066,76.923642083397
BAY,R5,15.1461554738079,76.9237884009044
BAY,R5,15.1462665097547,76.9239468062394
BAY,R5,15.1463589682042,76.9240724835787
BAY,R5,15.1464447299083,76.9241831941426
BAY,R5,15.1465297525075,76.9243180992287
BAY,R5,15.1466256906318,76.9244637935392
BAY,R6,15.1437185083807,76.9203998655522
BAY,R6,15.1438182338746,76.9204649696195
BAY,R6,15.1439072170883,76.9205201253973
BAY,R6,15.1439790444601,76.9205581626348
BAY,R6,15.1440609708533,76.9206096574712
BAY,R6,15.1441439708899,76.9206507938168
BAY,R6,15.1442366788612,76.9206940280002
BAY,R6,15.1443450859968,76.9207647775118
BAY,R6,15.1444770968301,76.9208339005593
BAY,R6,15.1445805730021,76.9208782880414
BAY,R6,15.1447198497493,76.9209387951882
BAY,R6,15.1448674450349,76.9210071094906
BAY,R6,15.1449996690663,76.9210730153766
BAY,R6,15.1451435080597,76.9211460846484
BAY,R6,15.145246065175,76.9212284202944
BAY,R6,15.145355658993,76.9213151238357
BAY,R6,15.14546788331,76.9214109818311
BAY,R6,15.1455813854391,76.9215048568058
BAY,R6,15.1456749884925,76.9216123148722
BAY,R6,15.14578140399,76.9217297007737
BAY,R6,15.1458802892594,76.9218374405268
BAY,R6,15.1459805823328,76.9219529049952
BAY,R6,15.1460819424772,76.9220738609389
BAY,R6,15.1461609826693,76.9221829111209
BAY,R6,15.1462478029658,76.9223028400885
BAY,R6,15.1463287353812,76.9224276253251
BAY,R6,15.1464316732918,76.9225527355088
BAY,R6,15.1465218649548,76.9226855286846
BAY,R6,15.1465971934931,76.922809274859
BAY,R6,15.1466786073586,76.9229418266936
BAY,R6,15.1467528063428,76.9230829512259
BAY,R7,15.1472775741271,76.9253145274915
BAY,R7,15.1472360836503,76.9252312536492
BAY,R7,15.1471801006675,76.9251279811451
BAY,R7,15.1471537914367,76.9250052048189
BAY,R7,15.1471179983169,76.9249199151764
BAY,R7,15.1470931121402,76.9248159831854
BAY,R7,15.1470765146267,76.9247110723142
BAY,R7,15.1470600336304,76.9246105128033
BAY,R7,15.147042992035,76.9245038482925
BAY,R7,15.1470249637053,76.9244006830236
BAY,R7,15.147042135523,76.9242714978117
BAY,R7,15.1470263216973,76.9241544009127
BAY,R7,15.1470219886583,76.9240644027254
BAY,R7,15.1470182324143,76.9239676988679
BAY,R7,15.1469999510921,76.92384970669
BAY,R7,15.1469760361384,76.923710254122
BAY,R7,15.1469502520408,76.9235951031571
BAY,R7,15.1469148009448,76.9234776790572
BAY,R7,15.1468932451716,76.9233542471684
BAY,R7,15.1468651733445,76.9232663199218
BAY,R7,15.1468247418743,76.9231537657873
BAY,R7,15.1467796415758,76.9230463955255
BAY,R7,15.1467331887758,76.9229482114603
BAY,R7,15.1466692015902,76.9228475585868
BAY,R7,15.1466119483609,76.9227377335854
BAY,R7,15.1465555031581,76.922662708316
BAY,R7,15.1464809113392,76.922563554697
BAY,R7,15.1464209169138,76.922468130265
BAY,R7,15.1463640429822,76.9223917792264
BAY,R7,15.1463011997574,76.9223000767563
BAY,R7,15.1462321501879,76.9222017856907
BAY,R8,15.1427544157239,76.9194048792612
BAY,R8,15.1428303163406,76.91951854002
BAY,R8,15.1429375383311,76.9196505644652
BAY,R8,15.1430669014348,76.9197973201465
BAY,R8,15.1431808294203,76.9199282814267
BAY,R8,15.1432856104285,76.9200158021556
BAY,R8,15.1434002623862,76.9201093681653
BAY,R8,15.1435197245979,76.9201852254349
BAY,R8,15.1436387740161,76.9202584237284
BAY,R8,15.1437589679339,76.9203385724003
BAY,R8,15.1438594458371,76.9203937640331
BAY,R8,15.1439790496457,76.9204587062568
BAY,R8,15.1441047585517,76.9205307355243
BAY,R8,15.1442434585954,76.9205998276783
BAY,R8,15.1443841084769,76.9206747351767
BAY,R8,15.1444915542607,76.920734995766
BAY,R8,15.1446042511704,76.9207955515226
BAY,R8,15.1447354748012,76.9208376437844
BAY,R8,15.1448974671255,76.9209207598815
BAY,R8,15.1450264594236,76.9209781830607
BAY,R8,15.1451664226458,76.921056529272
BAY,R8,15.1453128413111,76.9211641870014
BAY,R8,15.1454672830234,76.9212850064601
BAY,R8,15.1456078352105,76.9214156918628
BAY,R8,15.1457229222505,76.921523465051
BAY,R8,15.1458354263037,76.9216404640214
BAY,R8,15.1459441848801,76.9217634305389
BAY,R8,15.1460405578215,76.921888243889
BAY,R8,15.1461547918627,76.9220152401291
BAY,R8,15.1462389594296,76.9221371822414
BAY,R8,15.1463346235763,76.9222803964578
UBL,R3(PF8),15.3481985957617,75.1555353827868
UBL,R3(PF8),15.3481738213449,75.155680325235
UBL,R3(PF8),15.3481578947513,75.1558077793959
UBL,R3(PF8),15.3481347823025,75.1559141029983
UBL,R3(PF8),15.3481189307126,75.1560426318389
UBL,R3(PF8),15.3480987469071,75.1561622750998
UBL,R3(PF8),15.3480799629464,75.156270277031
UBL,R3(PF8),15.3480625958457,75.1563933891814
UBL,R3(PF8),15.3480423842289,75.1565191142458
UBL,R3(PF8),15.3480266286409,75.1566244626525
UBL,R3(PF8),15.3480051114343,75.1567358112389
UBL,R3(PF8),15.3479868675316,75.156882655843
UBL,R3(PF8),15.3479649943959,75.1570050946597
UBL,R3(PF8),15.3479448956393,75.1571115375707
UBL,R3(PF8),15.3479380176407,75.15721776168
UBL,R3(PF8),15.3479177515765,75.157335800488
UBL,R3(PF8),15.3479065636964,75.1574557000057
UBL,R3(PF8),15.347898621246,75.1575659366251
UBL,R3(PF8),15.347876265705,75.1576610141998
UBL,R3(PF8),15.3478675852605,75.1577621041311
UBL,R3(PF8),15.3478542313217,75.1578454215422
UBL,R3(PF8),15.3478363169713,75.157940680494
UBL,R3(PF8),15.3478250152372,75.1580439010905
UBL,R3(PF8),15.34780218157,75.1581882591666
UBL,R3(PF8),15.3477869183288,75.1582625242613
UBL,R3(PF8),15.3477767193357,75.158347761003
UBL,R3(PF8),15.3477667045081,75.1584157421543
UBL,R3(PF8),15.3477519372876,75.1585059021924
UBL,R3(PF8),15.347736594477,75.1585913674384
UBL,R3(PF8),15.3477281181958,75.1586585289416
UBL,R3(PF8),15.3477179265834,75.1587305928716
UBL,R3(PF8),15.3477023360582,75.1588128031476
UBL,R3(PF8),15.3476920014594,75.1588922871
UBL,R3(PF8),15.3476842139765,75.1589619665537
UBL,R3(PF8),15.3476736752335,75.1590485973459
UBL,R3(PF8),15.3476568644296,75.1591334624275
UBL,R3(PF8),15.3476479361394,75.1592155016347
UBL,R3(PF8),15.3476298093013,75.1592962033505
UBL,R3(PF8),15.3476229328566,75.1593652156595
UBL,R3(PF8),15.3476126878197,75.1594240232899
UBL,R3(PF8),15.347596133592,75.1595129283863
UBL,R3(PF8),15.3475944634401,75.1595696547776
UBL,R3(PF8),15.3475855202593,75.1596352033497
UBL,R3(PF8),15.3475673220813,75.1597143318878
UBL,R3(PF8),15.3475575620698,75.1597901193001
UBL,R3(PF8),15.34755296473,75.1598452403011
UBL,R3(PF8),15.3475374735895,75.1599126547977
UBL,R3(PF8),15.3475336912334,75.1599958061864
UBL,R3(PF8),15.3475208256779,75.1600760797917
UBL,R3(PF8),15.3475037815125,75.160172178977
UBL,R3(PF8),15.3474830868324,75.1602650426706
UBL,R3(PF8),15.34747173598,75.1603400659315
UBL,R3(PF8),15.3474511612234,75.1604498624193
UBL,R3(PF8),15.3474393689796,75.1605271911308
UBL,R3(PF8),15.3474273716373,75.1606277901442
UBL,R3(PF8),15.3474183831174,75.1607172508194
UBL,R3(PF8),15.3474148016135,75.160745044596
UBL,R3(PF8),15.3474013665598,75.1608242486858

BGM,R1,15.842121,74.503584
BGM,R1,15.842214,74.503626
BGM,R1,15.842306,74.503668
BGM,R1,15.842396,74.50371
BGM,R1,15.842487,74.503751
BGM,R1,15.842576,74.503794
BGM,R1,15.842663,74.503836
BGM,R1,15.842747,74.503878
BGM,R1,15.842829,74.503921
BGM,R1,15.84291,74.503963
BGM,R1,15.842989,74.504006
BGM,R1,15.843066,74.504049
BGM,R1,15.843141,74.504092
BGM,R1,15.843216,74.504137
BGM,R1,15.843288,74.504181
BGM,R1,15.843358,74.504224
BGM,R1,15.843426,74.504268
BGM,R1,15.843493,74.504312
BGM,R1,15.843559,74.504356
BGM,R1,15.843625,74.5044
BGM,R1,15.84369,74.504444
BGM,R1,15.843754,74.504487
BGM,R1,15.843817,74.50453
BGM,R1,15.843879,74.504574
BGM,R1,15.843941,74.504617
BGM,R1,15.844001,74.50466
BGM,R1,15.844061,74.504703
BGM,R1,15.84412,74.504745
BGM,R1,15.844177,74.504787
BGM,R1,15.844234,74.504829
BGM,R1,15.844289,74.504871
BGM,R1,15.844344,74.504914
BGM,R1,15.844398,74.504956
BGM,R1,15.844451,74.504999
BGM,R1,15.844503,74.505043
BGM,R1,15.844554,74.505087
BGM,R1,15.844607,74.505131
BGM,R1,15.844659,74.505175
BGM,R1,15.84471,74.505219
BGM,R1,15.844761,74.505263
BGM,R1,15.844813,74.505307
BGM,R1,15.844864,74.505351
BGM,R1,15.844916,74.505396
BGM,R1,15.844966,74.505441
BGM,R1,15.845017,74.505487
BGM,R1,15.845067,74.505533
BGM,R1,15.845118,74.505579
BGM,R1,15.845167,74.505625
BGM,R1,15.845217,74.505671
BGM,R1,15.845268,74.505716
BGM,R1,15.84532,74.50576
BGM,R1,15.845373,74.505803
BGM,R1,15.845427,74.505845
BGM,R1,15.845481,74.505887
BGM,R1,15.845536,74.505929
BGM,R1,15.845591,74.505971
BGM,R1,15.845646,74.506014
BGM,R1,15.8457,74.506058
BGM,R1,15.845754,74.506102
BGM,R1,15.845808,74.506148
BGM,R1,15.84586,74.506195
BGM,R1,15.845912,74.506243
BGM,R1,15.845963,74.50629
BGM,R1,15.846015,74.506333
BGM,R1,15.846063,74.506375
BGM,R1,15.846103,74.506415
BGM,R1,15.846138,74.506457
BGM,R1,15.846184,74.506506
BGM,R1,15.846237,74.506558
BGM,R1,15.846292,74.506608
BGM,R1,15.846347,74.506655
BGM,R1,15.846402,74.506703
BGM,R1,15.846456,74.506751
BGM,R1,15.846511,74.5068
BGM,R1,15.846566,74.50685
BGM,R1,15.846619,74.506899
BGM,R1,15.846673,74.506949
BGM,R1,15.846727,74.506998
BGM,R1,15.846779,74.507047
BGM,R1,15.846832,74.507096
BGM,R1,15.846885,74.507145
BGM,R1,15.846937,74.507194
BGM,R1,15.846989,74.507243
BGM,R1,15.847041,74.507291
BGM,R1,15.847095,74.507339
BGM,R1,15.847149,74.507387
BGM,R1,15.847203,74.507435
BGM,R1,15.847257,74.507482
BGM,R1,15.84731,74.50753
BGM,R1,15.847364,74.507577
BGM,R1,15.847418,74.507624
BGM,R1,15.847471,74.507671
BGM,R1,15.847524,74.507719
BGM,R1,15.847577,74.507767
BGM,R1,15.847629,74.507814
BGM,R1,15.847682,74.507862
BGM,R1,15.847735,74.50791
BGM,R1,15.847789,74.507957
BGM,R1,15.847842,74.508005
BGM,R1,15.847895,74.508054
BGM,R1,15.847948,74.508102
BGM,R1,15.848001,74.50815
BGM,R1,15.848053,74.508198
BGM,R1,15.848105,74.508245
BGM,R1,15.848158,74.508293
BGM,R1,15.84821,74.50834
BGM,R1,15.848262,74.508386
BGM,R1,15.848314,74.508432
BGM,R1,15.848365,74.508478
BGM,R1,15.848415,74.508525
BGM,R1,15.848465,74.50857
BGM,R1,15.848515,74.508616
BGM,R1,15.848565,74.508662
BGM,R1,15.848614,74.508708
BGM,R1,15.848662,74.508754
BGM,R1,15.848711,74.508799
BGM,R1,15.848759,74.508844
BGM,R1,15.848805,74.508889
BGM,R1,15.848852,74.508934
BGM,R1,15.848899,74.508977
BGM,R1,15.848945,74.509019
BGM,R1,15.848989,74.509061
BGM,R1,15.849033,74.509102
BGM,R1,15.849077,74.509141
BGM,R1,15.849118,74.509178
BGM,R1,15.849158,74.509216
BGM,R1,15.849195,74.509252
BGM,R1,15.84923,74.509286
BGM,R1,15.849265,74.509317
BGM,R1,15.849298,74.509348
BGM,R1,15.849327,74.509377
BGM,R1,15.849352,74.509406
BGM,R1,15.849375,74.509435
BGM,R1,15.849398,74.509464
BGM,R1,15.849429,74.509486
BGM,R1,15.849461,74.509513
BGM,R1,15.849494,74.509538
BGM,R1,15.849525,74.509562
BGM,R1,15.849554,74.509589
BGM,R1,15.849584,74.509616
BGM,R1,15.849613,74.509642
BGM,R1,15.849641,74.509668
BGM,R1,15.84967,74.509696
BGM,R1,15.849698,74.509722
BGM,R1,15.849727,74.509748
BGM,R1,15.849757,74.509774
BGM,R1,15.849786,74.5098
BGM,R1,15.849815,74.509826
BGM,R1,15.849844,74.50985
BGM,R1,15.849871,74.509876
BGM,R1,15.849898,74.509902
BGM,R1,15.849925,74.509927
BGM,R1,15.84995,74.509951
BGM,R1,15.849975,74.509974
BGM,R1,15.849999,74.509997
BGM,R1,15.850021,74.510015
BGM,R1,15.850042,74.510033
BGM,R1,15.850062,74.510051
BGM,R1,15.850082,74.51007
BGM,R1,15.850102,74.510088
BGM,R1,15.850121,74.510105
BGM,R1,15.850138,74.510121
BGM,R1,15.850155,74.510136
BGM,R1,15.850171,74.510153
BGM,R1,15.850186,74.51017
BGM,R1,15.850202,74.510186
BGM,R1,15.850217,74.510195
BGM,R1,15.85023,74.510207
BGM,R1,15.850243,74.510219
BGM,R1,15.850254,74.510231
BGM,R1,15.850266,74.510243
BGM,R1,15.850278,74.510255
BGM,R1,15.850289,74.510267
BGM,R1,15.850302,74.510278
BGM,R1,15.850313,74.510289
BGM,R1,15.850325,74.510301
BGM,R1,15.850337,74.510311
BGM,R1,15.850349,74.510321
BGM,R1,15.85036,74.510332
BGM,R1,15.850372,74.510344
BGM,R1,15.850384,74.510355
BGM,R1,15.850395,74.510367
BGM,R1,15.850406,74.510377
BGM,R1,15.850417,74.510387
BGM,R1,15.850429,74.510398
BGM,R1,15.85044,74.510409
BGM,R1,15.850451,74.51042
BGM,R1,15.850462,74.51043
BGM,R1,15.850474,74.51044
BGM,R1,15.850486,74.510451
BGM,R1,15.850497,74.510461
BGM,R1,15.850508,74.510471
BGM,R1,15.850518,74.510481
BGM,R1,15.850529,74.51049
BGM,R1,15.850537,74.510498
BGM,R1,15.850545,74.510507
BGM,R1,15.850552,74.510512
BGM,R1,15.850557,74.510516
BGM,R1,15.850561,74.510519
BGM,R1,15.850565,74.510522
BGM,R1,15.850567,74.510524
BGM,R1,15.850568,74.510525
BGM,R1,15.850594,74.510558
BGM,R1,15.850598,74.510559
BGM,R1,15.850602,74.510563
BGM,R1,15.850608,74.510566
BGM,R1,15.850614,74.510571
BGM,R1,15.850622,74.510575
BGM,R1,15.850629,74.51058
BGM,R1,15.850637,74.510585
BGM,R1,15.850644,74.510591
BGM,R1,15.850651,74.510597
BGM,R1,15.850659,74.510603
BGM,R1,15.850666,74.51061
BGM,R1,15.850673,74.510617
BGM,R1,15.85068,74.510623
BGM,R1,15.850688,74.510629
BGM,R1,15.850694,74.510636
BGM,R1,15.850701,74.510643
BGM,R1,15.850708,74.51065
BGM,R1,15.850714,74.510655
BGM,R1,15.85072,74.510661
BGM,R1,15.850778,74.510718
BGM,R1,15.85084,74.510776
BGM,R1,15.8509,74.510826
TNGL,R1,15.203022,76.662197
TNGL,R1,15.2030477,76.6623815
TNGL,R1,15.2030734,76.6625659
TNGL,R1,15.2030991,76.6627504
TNGL,R1,15.2031248,76.6629349
TNGL,R1,15.2031506,76.6631194
TNGL,R1,15.2031763,76.6633038
TNGL,R1,15.203202,76.6634883
TNGL,R1,15.2032277,76.6636728
TNGL,R1,15.2032534,76.6638573
TNGL,R1,15.2032791,76.6640417
TNGL,R1,15.2033048,76.6642262
TNGL,R1,15.2033305,76.6644107
TNGL,R1,15.2033562,76.6645952
TNGL,R1,15.2033819,76.6647796
TNGL,R1,15.2034076,76.6649641
TNGL,R1,15.2034333,76.6651486
TNGL,R1,15.2034591,76.665333
TNGL,R1,15.2034848,76.6655175
TNGL,R1,15.2035105,76.665702
TNGL,R1,15.2035362,76.6658865
TNGL,R1,15.2035619,76.6660709
TNGL,R1,15.2035876,76.6662554
TNGL,R1,15.2036133,76.6664399
TNGL,R1,15.203639,76.6666244
TNGL,R1,15.2036647,76.6668088
TNGL,R1,15.2036904,76.6669933
TNGL,R1,15.2037161,76.6671778
TNGL,R1,15.2037418,76.6673623
TNGL,R1,15.2037675,76.6675467
TNGL,R1,15.2037932,76.6677312
TNGL,R1,15.203819,76.6679157
TNGL,R1,15.2038447,76.6681002
TNGL,R1,15.2038704,76.6682846
TNGL,R1,15.2038961,76.6684691
TNGL,R1,15.2039218,76.6686536
TNGL,R1,15.2039475,76.6688381
TNGL,R1,15.2039732,76.6690225
TNGL,R1,15.2039989,76.669207
TNGL,R1,15.2040246,76.6693915
TNGL,R1,15.204034,76.669459
TNGL,R2,15.2030716,76.6622367
TNGL,R2,15.2030969,76.6624213
TNGL,R2,15.2031222,76.6626058
TNGL,R2,15.2031475,76.6627903
TNGL,R2,15.2031728,76.6629749
TNGL,R2,15.2031981,76.6631594
TNGL,R2,15.2032234,76.6633439
TNGL,R2,15.2032487,76.6635285
TNGL,R2,15.2032741,76.663713
TNGL,R2,15.2032994,76.6638975
TNGL,R2,15.2033247,76.6640821
TNGL,R2,15.20335,76.6642666
TNGL,R2,15.2033753,76.6644511
TNGL,R2,15.2034006,76.6646357
TNGL,R2,15.2034259,76.6648202
TNGL,R2,15.2034512,76.6650047
TNGL,R2,15.2034765,76.6651893
TNGL,R2,15.2035018,76.6653738
TNGL,R2,15.2035271,76.6655583
TNGL,R2,15.2035525,76.6657429
TNGL,R2,15.2035778,76.6659274
TNGL,R2,15.2036031,76.6661119
TNGL,R2,15.2036284,76.6662965
TNGL,R2,15.2036537,76.666481
TNGL,R2,15.203679,76.6666655
TNGL,R2,15.2037043,76.6668501
TNGL,R2,15.2037296,76.6670346
TNGL,R2,15.2037549,76.6672191
TNGL,R2,15.2037802,76.6674037
TNGL,R2,15.2038055,76.6675882
TNGL,R2,15.2038308,76.6677727
TNGL,R2,15.2038561,76.6679573
TNGL,R2,15.2038815,76.6681418
TNGL,R2,15.2039068,76.6683263
TNGL,R2,15.2039321,76.6685109
TNGL,R2,15.2039574,76.6686954
TNGL,R2,15.2039827,76.6688799
TNGL,R2,15.2039951,76.6689705
TNGL,R3,15.2031222,76.6622368
TNGL,R3,15.2031477,76.6624213
TNGL,R3,15.2031732,76.6626058
TNGL,R3,15.2031987,76.6627903
TNGL,R3,15.2032241,76.6629748
TNGL,R3,15.2032496,76.6631593
TNGL,R3,15.2032751,76.6633438
TNGL,R3,15.2033006,76.6635283
TNGL,R3,15.2033261,76.6637128
TNGL,R3,15.2033515,76.6638973
TNGL,R3,15.203377,76.6640818
TNGL,R3,15.2034025,76.6642663
TNGL,R3,15.203428,76.6644509
TNGL,R3,15.2034535,76.6646354
TNGL,R3,15.203479,76.6648199
TNGL,R3,15.2035044,76.6650044
TNGL,R3,15.2035299,76.6651889
TNGL,R3,15.2035554,76.6653734
TNGL,R3,15.2035809,76.6655579
TNGL,R3,15.2036064,76.6657424
TNGL,R3,15.2036318,76.6659269
TNGL,R3,15.2036573,76.6661114
TNGL,R3,15.2036828,76.6662959
TNGL,R3,15.2037083,76.6664804
TNGL,R3,15.2037338,76.666665
TNGL,R3,15.2037592,76.6668495
TNGL,R3,15.2037847,76.667034
TNGL,R3,15.2038102,76.6672185
TNGL,R3,15.2038357,76.667403
TNGL,R3,15.2038611,76.6675875
TNGL,R3,15.2038866,76.667772
TNGL,R3,15.2039121,76.6679565
TNGL,R3,15.2039376,76.668141
TNGL,R3,15.2039631,76.6683255
TNGL,R3,15.2039885,76.66851
TNGL,R3,15.204014,76.6686945
TNGL,R3,15.2040395,76.6688791
TNGL,R3,15.2040529,76.6689762
TNGL,R4,15.2032285,76.6622282
TNGL,R4,15.2032539,76.6624127
TNGL,R4,15.2032793,76.6625972
TNGL,R4,15.2033047,76.6627818
TNGL,R4,15.2033301,76.6629663
TNGL,R4,15.2033555,76.6631508
TNGL,R4,15.2033809,76.6633353
TNGL,R4,15.2034063,76.6635198
TNGL,R4,15.2034317,76.6637044
TNGL,R4,15.2034571,76.6638889
TNGL,R4,15.2034824,76.6640734
TNGL,R4,15.2035078,76.6642579
TNGL,R4,15.2035332,76.6644424
TNGL,R4,15.2035586,76.664627
TNGL,R4,15.203584,76.6648115
TNGL,R4,15.2036094,76.664996
TNGL,R4,15.2036348,76.6651805
TNGL,R4,15.2036602,76.6653651
TNGL,R4,15.2036856,76.6655496
TNGL,R4,15.203711,76.6657341
TNGL,R4,15.2037363,76.6659186
TNGL,R4,15.2037617,76.6661031
TNGL,R4,15.2037871,76.6662877
TNGL,R4,15.2038125,76.6664722
TNGL,R4,15.2038379,76.6666567
TNGL,R4,15.2038633,76.6668412
TNGL,R4,15.2038887,76.6670257
TNGL,R4,15.2039141,76.6672103
TNGL,R4,15.2039395,76.6673948
TNGL,R4,15.2039649,76.6675793
TNGL,R4,15.2039902,76.6677638
TNGL,R4,15.2040156,76.6679484
TNGL,R4,15.204041,76.6681329
TNGL,R4,15.2040664,76.6683174
TNGL,R4,15.2040918,76.6685019
TNGL,R4,15.2041172,76.6686864
TNGL,R4,15.2041426,76.668871
TNGL,R4,15.204168,76.6690555
TNGL,R4,15.2041824,76.6691606
TNGL,R5,15.20328,76.6622347
TNGL,R5,15.2033054,76.6624192
TNGL,R5,15.2033308,76.6626038
TNGL,R5,15.2033563,76.6627883
TNGL,R5,15.2033817,76.6629728
TNGL,R5,15.2034071,76.6631573
TNGL,R5,15.2034326,76.6633418
TNGL,R5,15.203458,76.6635263
TNGL,R5,15.2034834,76.6637108
TNGL,R5,15.2035089,76.6638954
TNGL,R5,15.2035343,76.6640799
TNGL,R5,15.2035597,76.6642644
TNGL,R5,15.2035852,76.6644489
TNGL,R5,15.2036106,76.6646334
TNGL,R5,15.203636,76.6648179
TNGL,R5,15.2036615,76.6650024
TNGL,R5,15.2036869,76.665187
TNGL,R5,15.2037123,76.6653715
TNGL,R5,15.2037377,76.665556
TNGL,R5,15.2037632,76.6657405
TNGL,R5,15.2037886,76.665925
TNGL,R5,15.203814,76.6661095
TNGL,R5,15.2038395,76.6662941
TNGL,R5,15.2038649,76.6664786
TNGL,R5,15.2038903,76.6666631
TNGL,R5,15.2039158,76.6668476
TNGL,R5,15.2039412,76.6670321
TNGL,R5,15.2039666,76.6672166
TNGL,R5,15.203992,76.6674011
TNGL,R5,15.2040175,76.6675857
TNGL,R5,15.2040429,76.6677702
TNGL,R5,15.2040683,76.6679547
TNGL,R5,15.2040938,76.6681392
TNGL,R5,15.2041192,76.6683237
TNGL,R5,15.2041446,76.6685082
TNGL,R5,15.20417,76.6686928
TNGL,R5,15.2041955,76.6688773
TNGL,R5,15.2042209,76.6690618
TNGL,R5,15.2042255,76.6690951
TNGL,R6,15.2033855,76.6626937
TNGL,R6,15.2034114,76.6628782
TNGL,R6,15.2034373,76.6630626
TNGL,R6,15.2034632,76.6632471
TNGL,R6,15.2034891,76.6634315
TNGL,R6,15.203515,76.663616
TNGL,R6,15.2035408,76.6638004
TNGL,R6,15.2035667,76.6639849
TNGL,R6,15.2035926,76.6641693
TNGL,R6,15.2036185,76.6643537
TNGL,R6,15.2036444,76.6645382
TNGL,R6,15.2036703,76.6647226
TNGL,R6,15.2036962,76.6649071
TNGL,R6,15.203722,76.6650915
TNGL,R6,15.2037479,76.665276
TNGL,R6,15.2037738,76.6654604
TNGL,R6,15.2037997,76.6656449
TNGL,R6,15.2038256,76.6658293
TNGL,R6,15.2038515,76.6660138
TNGL,R6,15.2038774,76.6661982
TNGL,R6,15.2039032,76.6663827
TNGL,R6,15.2039291,76.6665671
TNGL,R6,15.203955,76.6667516
TNGL,R6,15.2039809,76.666936
TNGL,R6,15.2040068,76.6671205
TNGL,R6,15.2040327,76.6673049
TNGL,R6,15.2040585,76.6674894
TNGL,R6,15.2040844,76.6676738
TNGL,R6,15.2041103,76.6678583
TNGL,R6,15.2041362,76.6680427
TNGL,R6,15.2041621,76.6682271
TNGL,R6,15.204188,76.6684116
TNGL,R6,15.2042138,76.668596
TNGL,R6,15.2042337,76.6687374
TNGL,R7,15.2034254,76.6625508
TNGL,R7,15.2034508,76.6627353
TNGL,R7,15.2034762,76.6629198
TNGL,R7,15.2035016,76.6631043
TNGL,R7,15.203527,76.6632888
TNGL,R7,15.2035524,76.6634734
TNGL,R7,15.2035779,76.6636579
TNGL,R7,15.2036033,76.6638424
TNGL,R7,15.2036287,76.6640269
TNGL,R7,15.2036541,76.6642114
TNGL,R7,15.2036795,76.664396
TNGL,R7,15.2037049,76.6645805
TNGL,R7,15.2037303,76.664765
TNGL,R7,15.2037557,76.6649495
TNGL,R7,15.2037811,76.665134
TNGL,R7,15.2038065,76.6653186
TNGL,R7,15.2038319,76.6655031
TNGL,R7,15.2038573,76.6656876
TNGL,R7,15.2038827,76.6658721
TNGL,R7,15.2039081,76.6660566
TNGL,R7,15.2039335,76.6662412
TNGL,R7,15.2039589,76.6664257
TNGL,R7,15.2039843,76.6666102
TNGL,R7,15.2040097,76.6667947
TNGL,R7,15.2040351,76.6669792
TNGL,R7,15.2040605,76.6671638
TNGL,R7,15.2040859,76.6673483
TNGL,R7,15.2041113,76.6675328
TNGL,R7,15.2041367,76.6677173
TNGL,R7,15.2041621,76.6679018
TNGL,R7,15.2041875,76.6680864
TNGL,R7,15.2042129,76.6682709
TNGL,R7,15.2042383,76.6684554
TNGL,R7,15.2042637,76.6686399
TNGL,R7,15.2042891,76.6688244
TNGL,R7,15.2043145,76.669009
TNGL,R7,15.2043333,76.6691454
TNGL,R8,15.2034317,76.6622394
TNGL,R8,15.203457,76.662424
TNGL,R8,15.2034823,76.6626085
TNGL,R8,15.2035077,76.662793
TNGL,R8,15.203533,76.6629776
TNGL,R8,15.2035583,76.6631621
TNGL,R8,15.2035836,76.6633466
TNGL,R8,15.2036089,76.6635312
TNGL,R8,15.2036342,76.6637157
TNGL,R8,15.2036595,76.6639002
TNGL,R8,15.2036848,76.6640848
TNGL,R8,15.2037102,76.6642693
TNGL,R8,15.2037355,76.6644538
TNGL,R8,15.2037608,76.6646384
TNGL,R8,15.2037861,76.6648229
TNGL,R8,15.2038114,76.6650074
TNGL,R8,15.2038367,76.665192
TNGL,R8,15.203862,76.6653765
TNGL,R8,15.2038873,76.665561
TNGL,R8,15.2039127,76.6657456
TNGL,R8,15.203938,76.6659301
TNGL,R8,15.2039633,76.6661146
TNGL,R8,15.2039886,76.6662992
TNGL,R8,15.2040139,76.6664837
TNGL,R8,15.2040392,76.6666682
TNGL,R8,15.2040645,76.6668528
TNGL,R8,15.2040898,76.6670373
TNGL,R8,15.2041151,76.6672218
TNGL,R8,15.2041405,76.6674064
TNGL,R8,15.2041658,76.6675909
TNGL,R8,15.2041911,76.6677754
TNGL,R8,15.2042164,76.66796
TNGL,R8,15.2042417,76.6681445
TNGL,R8,15.204267,76.668329
TNGL,R8,15.2042923,76.6685136
TNGL,R8,15.2043176,76.6686981
TNGL,R8,15.2043429,76.6688826
TNGL,R8,15.2043682,76.6690672
TNGL,R8,15.204382,76.6691672
TNGL,R9,15.2035607,76.6627521
TNGL,R9,15.2035864,76.6629365
TNGL,R9,15.2036121,76.663121
TNGL,R9,15.2036378,76.6633055
TNGL,R9,15.2036635,76.66349
TNGL,R9,15.2036892,76.6636744
TNGL,R9,15.2037149,76.6638589
TNGL,R9,15.2037406,76.6640434
TNGL,R9,15.2037664,76.6642279
TNGL,R9,15.2037921,76.6644123
TNGL,R9,15.2038178,76.6645968
TNGL,R9,15.2038435,76.6647813
TNGL,R9,15.2038692,76.6649658
TNGL,R9,15.2038949,76.6651502
TNGL,R9,15.2039206,76.6653347
TNGL,R9,15.2039463,76.6655192
TNGL,R9,15.203972,76.6657037
TNGL,R9,15.2039977,76.6658881
TNGL,R9,15.2040234,76.6660726
TNGL,R9,15.2040491,76.6662571
TNGL,R9,15.2040748,76.6664416
TNGL,R9,15.2041006,76.666626
TNGL,R9,15.2041263,76.6668105
TNGL,R9,15.204152,76.666995
TNGL,R9,15.2041777,76.6671794
TNGL,R9,15.2042034,76.6673639
TNGL,R9,15.2042291,76.6675484
TNGL,R9,15.2042548,76.6677329
TNGL,R9,15.2042805,76.6679173
TNGL,R9,15.2043062,76.6681018
TNGL,R9,15.2043319,76.6682863
TNGL,R9,15.2043576,76.6684708
TNGL,R9,15.2043833,76.6686552
TNGL,R9,15.204409,76.6688397
TNGL,R9,15.2044347,76.6690242
TNGL,R9,15.2044604,76.6692087
TNGL,R9,15.2044861,76.6693931
TNGL,R9,15.2044951,76.6694578
TNGL,R10,15.2036125,76.6627709
TNGL,R10,15.2036381,76.6629554
TNGL,R10,15.2036637,76.6631399
TNGL,R10,15.2036893,76.6633244
TNGL,R10,15.203715,76.6635089
TNGL,R10,15.2037406,76.6636934
TNGL,R10,15.2037662,76.6638778
TNGL,R10,15.2037918,76.6640623
TNGL,R10,15.2038174,76.6642468
TNGL,R10,15.203843,76.6644313
TNGL,R10,15.2038686,76.6646158
TNGL,R10,15.2038942,76.6648003
TNGL,R10,15.2039198,76.6649848
TNGL,R10,15.2039454,76.6651693
TNGL,R10,15.203971,76.6653538
TNGL,R10,15.2039966,76.6655383
TNGL,R10,15.2040222,76.6657227
TNGL,R10,15.2040478,76.6659072
TNGL,R10,15.2040734,76.6660917
TNGL,R10,15.204099,76.6662762
TNGL,R10,15.2041246,76.6664607
TNGL,R10,15.2041502,76.6666452
TNGL,R10,15.2041758,76.6668297
TNGL,R10,15.2042014,76.6670142
TNGL,R10,15.204227,76.6671987
TNGL,R10,15.2042526,76.6673832
TNGL,R10,15.2042782,76.6675677
TNGL,R10,15.2043038,76.6677521
TNGL,R10,15.2043294,76.6679366
TNGL,R10,15.204355,76.6681211
TNGL,R10,15.2043806,76.6683056
TNGL,R10,15.2044062,76.6684901
TNGL,R10,15.2044318,76.6686746
TNGL,R10,15.2044574,76.6688591
TNGL,R10,15.204483,76.6690436
TNGL,R10,15.2045086,76.6692281
TNGL,R10,15.2045342,76.6694126
TNGL,R10,15.2045598,76.6695971
TNGL,R10,15.2045608,76.6696041
LWR,R1,15.4249516,74.7336937
LWR,R1,15.4249322,74.7338792
LWR,R1,15.4249129,74.7340647
LWR,R1,15.4248936,74.7342502
LWR,R1,15.4248743,74.7344357
LWR,R1,15.424855,74.7346212
LWR,R1,15.4248357,74.7348067
LWR,R1,15.4248164,74.7349922
LWR,R1,15.4248153,74.7350025
LWR,R1,15.4248153,74.7350025
LWR,R1,15.4247893,74.7351871
LWR,R1,15.4247632,74.7353718
LWR,R1,15.4247371,74.7355564
LWR,R1,15.4247282,74.7356194
LWR,R1,15.4247282,74.7356194
LWR,R1,15.4247064,74.7358046
LWR,R1,15.4246847,74.7359898
LWR,R1,15.4246629,74.736175
LWR,R1,15.4246411,74.7363603
LWR,R1,15.4246194,74.7365455
LWR,R1,15.4245976,74.7367307
LWR,R1,15.4245758,74.7369159
LWR,R1,15.4245541,74.7371011
LWR,R1,15.4245323,74.7372863
LWR,R1,15.4245105,74.7374715
LWR,R1,15.4244888,74.7376567
LWR,R1,15.424467,74.737842
LWR,R1,15.4244452,74.7380272
LWR,R1,15.4244234,74.7382124
LWR,R1,15.4244017,74.7383976
LWR,R1,15.4243799,74.7385828
LWR,R1,15.4243581,74.738768
LWR,R1,15.4243364,74.7389532
LWR,R1,15.4243146,74.7391384
LWR,R1,15.4242928,74.7393237
LWR,R1,15.424271,74.7395089
LWR,R1,15.4242493,74.7396941
LWR,R1,15.4242275,74.7398793
LWR,R1,15.4242057,74.7400645
LWR,R1,15.424184,74.7402497
LWR,R1,15.4241795,74.7402877
LWR,R1,15.4241795,74.7402877
LWR,R1,15.4241575,74.7404729
LWR,R1,15.4241355,74.7406581
LWR,R1,15.4241135,74.7408433
LWR,R1,15.4240916,74.7410285
LWR,R1,15.4240696,74.7412137
LWR,R1,15.4240476,74.7413989
LWR,R1,15.4240256,74.741584
LWR,R1,15.4240036,74.7417692
LWR,R1,15.4239817,74.7419544
LWR,R1,15.4239597,74.7421396
LWR,R1,15.4239511,74.7422118
LWR,R1,15.4239511,74.7422118
LWR,R1,15.4239394,74.742398
LWR,R1,15.4239278,74.7425841
LWR,R1,15.4239161,74.7427703
LWR,R1,15.4239045,74.7429565
LWR,R1,15.4239018,74.7429999
LWR,R1,15.4239018,74.7429999
LWR,R1,15.4238957,74.7431864
LWR,R1,15.4238896,74.7433729
LWR,R1,15.4238851,74.7435094
LWR,R1,15.4238851,74.7435094
LWR,R1,15.4238834,74.743696
LWR,R1,15.4238817,74.7438826
LWR,R1,15.4238814,74.743912
LWR,R1,15.4238814,74.743912
LWR,R1,15.4239005,74.7440976
LWR,R1,15.4239196,74.7442831
LWR,R1,15.4239207,74.7442935
LWR,R1,15.4239207,74.7442935
LWR,R1,15.4239446,74.7444784
LWR,R1,15.4239641,74.7446297
LWR,R2,15.424781,74.7348978
LWR,R2,15.424757,74.7350827
LWR,R2,15.424733,74.7352677
LWR,R2,15.424709,74.7354526
LWR,R2,15.424685,74.7356375
LWR,R2,15.424671,74.7357456
LWR,R2,15.424671,74.7357456
LWR,R2,15.4246484,74.7359307
LWR,R2,15.4246258,74.7361158
LWR,R2,15.4246033,74.7363009
LWR,R2,15.4245807,74.736486
LWR,R2,15.4245582,74.7366711
LWR,R2,15.4245356,74.7368563
LWR,R2,15.424513,74.7370414
LWR,R2,15.4244905,74.7372265
LWR,R2,15.4244679,74.7374116
LWR,R2,15.4244453,74.7375967
LWR,R2,15.4244378,74.7376586
LWR,R2,15.4244378,74.7376586
LWR,R2,15.4244168,74.7378439
LWR,R2,15.4243958,74.7380292
LWR,R2,15.4243748,74.7382145
LWR,R2,15.4243538,74.7383998
LWR,R2,15.4243328,74.7385851
LWR,R2,15.4243118,74.7387704
LWR,R2,15.4242908,74.7389557
LWR,R2,15.4242698,74.739141
LWR,R2,15.4242488,74.7393263
LWR,R2,15.4242278,74.7395116
LWR,R2,15.4242068,74.739697
LWR,R2,15.4242023,74.7397362
LWR,R2,15.4242023,74.7397362
LWR,R2,15.4241772,74.739921
LWR,R2,15.4241521,74.7401057
LWR,R2,15.424127,74.7402905
LWR,R2,15.4241133,74.7403919
LWR,R2,15.4241133,74.7403919
LWR,R2,15.4240921,74.7405771
LWR,R2,15.424071,74.7407624
LWR,R2,15.4240544,74.7409072
LWR,R2,15.4240544,74.7409072
LWR,R2,15.4240326,74.7410924
LWR,R2,15.4240108,74.7412776
LWR,R2,15.4240094,74.7412897
LWR,R2,15.4240094,74.7412897
LWR,R2,15.4239896,74.7414752
LWR,R2,15.4239698,74.7416606
LWR,R2,15.42395,74.7418461
LWR,R2,15.4239302,74.7420315
LWR,R2,15.4239161,74.7421639
LWR,R2,15.4239161,74.7421639
LWR,R2,15.4238959,74.7423493
LWR,R2,15.423884,74.7424581
LWR,R2,15.423884,74.7424581
LWR,R2,15.4238735,74.7426443
LWR,R2,15.4238631,74.7428306
LWR,R2,15.4238526,74.7430169
LWR,R2,15.4238422,74.7432032
LWR,R2,15.4238318,74.7433885
LWR,R3,15.42454,74.7358334
LWR,R3,15.4245189,74.7360187
LWR,R3,15.4244977,74.736204
LWR,R3,15.4244766,74.7363893
LWR,R3,15.4244555,74.7365746
LWR,R3,15.4244343,74.7367599
LWR,R3,15.4244132,74.7369452
LWR,R3,15.424392,74.7371305
LWR,R3,15.4243709,74.7373158
LWR,R3,15.4243498,74.737501
LWR,R3,15.4243286,74.7376863
LWR,R3,15.4243075,74.7378716
LWR,R3,15.4242864,74.7380569
LWR,R3,15.4242652,74.7382422
LWR,R3,15.4242441,74.7384275
LWR,R3,15.4242229,74.7386128
LWR,R3,15.4242018,74.7387981
LWR,R3,15.4241807,74.7389834
LWR,R3,15.4241595,74.7391687
LWR,R3,15.4241384,74.739354
LWR,R3,15.4241172,74.7395393
LWR,R3,15.4240961,74.7397245
LWR,R3,15.424075,74.7399098
LWR,R3,15.4240538,74.7400951
LWR,R3,15.4240327,74.7402804
LWR,R3,15.4240115,74.7404657
LWR,R3,15.4239904,74.740651
LWR,R3,15.4239693,74.7408363
LWR,R3,15.4239481,74.7410216
LWR,R3,15.423927,74.7412069
LWR,R3,15.4239058,74.7413922
LWR,R3,15.4238847,74.7415774
LWR,R3,15.4238635,74.7417627
LWR,R3,15.4238424,74.741948
LWR,R3,15.4238213,74.7421333
LWR,R3,15.4238001,74.7423186
LWR,R3,15.423779,74.7425039
LWR,R3,15.4237696,74.7425863
LWR,R4,15.4244968,74.7358499
LWR,R4,15.4244755,74.7360352
LWR,R4,15.4244542,74.7362204
LWR,R4,15.4244329,74.7364057
LWR,R4,15.4244115,74.736591
LWR,R4,15.4243902,74.7367762
LWR,R4,15.4243689,74.7369615
LWR,R4,15.4243476,74.7371468
LWR,R4,15.4243263,74.737332
LWR,R4,15.424305,74.7375173
LWR,R4,15.4242836,74.7377026
LWR,R4,15.4242623,74.7378878
LWR,R4,15.424241,74.7380731
LWR,R4,15.4242197,74.7382584
LWR,R4,15.4241984,74.7384437
LWR,R4,15.424177,74.7386289
LWR,R4,15.4241557,74.7388142
LWR,R4,15.4241344,74.7389995
LWR,R4,15.4241131,74.7391847
LWR,R4,15.4240918,74.73937
LWR,R4,15.4240704,74.7395553
LWR,R4,15.4240491,74.7397405
LWR,R4,15.4240278,74.7399258
LWR,R4,15.4240065,74.7401111
LWR,R4,15.4239852,74.7402963
LWR,R4,15.4239638,74.7404816
LWR,R4,15.4239425,74.7406669
LWR,R4,15.4239212,74.7408521
LWR,R4,15.4238999,74.7410374
LWR,R4,15.4238786,74.7412227
LWR,R4,15.4238572,74.741408
LWR,R4,15.4238359,74.7415932
LWR,R4,15.4238146,74.7417785
LWR,R4,15.4237933,74.7419638
LWR,R4,15.4237719,74.742149
LWR,R4,15.4237506,74.7423343
LWR,R4,15.4237293,74.7425196
LWR,R4,15.4237243,74.7425629
LWR,R5,15.4244482,74.7358525
LWR,R5,15.4244265,74.7360377
LWR,R5,15.4244047,74.7362229
LWR,R5,15.4243829,74.7364081
LWR,R5,15.4243612,74.7365933
LWR,R5,15.4243394,74.7367785
LWR,R5,15.4243177,74.7369638
LWR,R5,15.4242959,74.737149
LWR,R5,15.4242741,74.7373342
LWR,R5,15.4242524,74.7375194
LWR,R5,15.4242306,74.7377046
LWR,R5,15.4242089,74.7378898
LWR,R5,15.4241871,74.738075
LWR,R5,15.4241653,74.7382602
LWR,R5,15.4241436,74.7384455
LWR,R5,15.4241218,74.7386307
LWR,R5,15.4241001,74.7388159
LWR,R5,15.4240783,74.7390011
LWR,R5,15.4240565,74.7391863
LWR,R5,15.4240348,74.7393715
LWR,R5,15.424013,74.7395567
LWR,R5,15.4239912,74.739742
LWR,R5,15.4239695,74.7399272
LWR,R5,15.4239477,74.7401124
LWR,R5,15.423926,74.7402976
LWR,R5,15.4239042,74.7404828
LWR,R5,15.4238824,74.740668
LWR,R5,15.4238607,74.7408532
LWR,R5,15.4238389,74.7410384
LWR,R5,15.4238171,74.7412237
LWR,R5,15.4237954,74.7414089
LWR,R5,15.4237736,74.7415941
LWR,R5,15.4237518,74.7417793
LWR,R5,15.4237301,74.7419645
LWR,R5,15.4237083,74.7421497
LWR,R5,15.4236866,74.7423349
LWR,R5,15.4236648,74.7425201
LWR,R5,15.4236618,74.7425456
VSG,R1,15.3956614,73.8106577
VSG,R1,15.395724,73.8108326
VSG,R1,15.3957865,73.8110075
VSG,R1,15.395849,73.8111825
VSG,R1,15.3959116,73.8113574
VSG,R1,15.3959741,73.8115323
VSG,R1,15.3960367,73.8117072
VSG,R1,15.3960992,73.8118821
VSG,R1,15.3961618,73.812057
VSG,R1,15.3962243,73.812232
VSG,R1,15.3962868,73.8124069
VSG,R1,15.3963494,73.8125818
VSG,R1,15.3964119,73.8127567
VSG,R1,15.3964745,73.8129316
VSG,R1,15.396537,73.8131066
VSG,R1,15.3965995,73.8132815
VSG,R1,15.3966621,73.8134564
VSG,R1,15.3967246,73.8136313
VSG,R1,15.3967872,73.8138062
VSG,R1,15.3968497,73.8139811
VSG,R1,15.3969122,73.8141561
VSG,R1,15.3969748,73.814331
VSG,R1,15.3970373,73.8145059
VSG,R1,15.3970998,73.8146808
VSG,R1,15.3971624,73.8148557
VSG,R1,15.3972249,73.8150307
VSG,R1,15.3972875,73.8152056
VSG,R1,15.39735,73.8153805
VSG,R1,15.3973839,73.8154753
VSG,R2,15.3956176,73.8106814
VSG,R2,15.3956803,73.8108563
VSG,R2,15.3957431,73.8110311
VSG,R2,15.3958058,73.8112059
VSG,R2,15.3958685,73.8113808
VSG,R2,15.3959312,73.8115556
VSG,R2,15.395994,73.8117305
VSG,R2,15.3960567,73.8119053
VSG,R2,15.3961194,73.8120802
VSG,R2,15.3961822,73.812255
VSG,R2,15.3962449,73.8124299
VSG,R2,15.3963076,73.8126047
VSG,R2,15.3963704,73.8127795
VSG,R2,15.3964331,73.8129544
VSG,R2,15.3964958,73.8131292
VSG,R2,15.3965585,73.8133041
VSG,R2,15.3966213,73.8134789
VSG,R2,15.396684,73.8136538
VSG,R2,15.3967467,73.8138286
VSG,R2,15.3968095,73.8140035
VSG,R2,15.3968722,73.8141783
VSG,R2,15.3969349,73.8143532
VSG,R2,15.3969976,73.814528
VSG,R2,15.3970604,73.8147029
VSG,R2,15.3971231,73.8148777
VSG,R2,15.3971858,73.8150525
VSG,R2,15.3972485,73.8152274
VSG,R2,15.3973113,73.8154022
VSG,R2,15.3973425,73.8154891
VSG,R3,15.3954563,73.8105308
VSG,R3,15.3955192,73.8107056
VSG,R3,15.3955821,73.8108803
VSG,R3,15.3956451,73.8110551
VSG,R3,15.395708,73.8112299
VSG,R3,15.3957709,73.8114046
VSG,R3,15.3958339,73.8115794
VSG,R3,15.3958968,73.8117542
VSG,R3,15.3959597,73.8119289
VSG,R3,15.3960226,73.8121037
VSG,R3,15.3960856,73.8122785
VSG,R3,15.3961485,73.8124532
VSG,R3,15.3962114,73.812628
VSG,R3,15.3962743,73.8128028
VSG,R3,15.3963373,73.8129775
VSG,R3,15.3964002,73.8131523
VSG,R3,15.3964631,73.8133271
VSG,R3,15.396526,73.8135019
VSG,R3,15.396589,73.8136766
VSG,R3,15.3966519,73.8138514
VSG,R3,15.3967148,73.8140262
VSG,R3,15.3967777,73.8142009
VSG,R3,15.3968407,73.8143757
VSG,R3,15.3969036,73.8145505
VSG,R3,15.3969665,73.8147253
VSG,R3,15.3970294,73.8149
VSG,R3,15.3970924,73.8150748
VSG,R3,15.3971553,73.8152496
VSG,R3,15.3972163,73.8154189
VSG,R4,15.3954113,73.8105676
VSG,R4,15.3954726,73.810743
VSG,R4,15.3955339,73.8109184
VSG,R4,15.3955952,73.8110937
VSG,R4,15.3956565,73.8112691
VSG,R4,15.3957179,73.8114445
VSG,R4,15.3957792,73.8116199
VSG,R4,15.3958405,73.8117953
VSG,R4,15.3959018,73.8119707
VSG,R4,15.3959631,73.8121461
VSG,R4,15.3960244,73.8123214
VSG,R4,15.3960858,73.8124968
VSG,R4,15.3961471,73.8126722
VSG,R4,15.3962084,73.8128476
VSG,R4,15.3962697,73.813023
VSG,R4,15.396331,73.8131984
VSG,R4,15.3963923,73.8133737
VSG,R4,15.3964536,73.8135491
VSG,R4,15.396515,73.8137245
VSG,R4,15.3965763,73.8138999
VSG,R4,15.3966376,73.8140753
VSG,R4,15.3966989,73.8142507
VSG,R4,15.3967602,73.8144261
VSG,R4,15.3968215,73.8146014
VSG,R4,15.3968828,73.8147768
VSG,R4,15.3969441,73.8149522
VSG,R4,15.3969871,73.815075
VSG,R5,15.3951902,73.8090951
VSG,R5,15.3952007,73.8092814
VSG,R5,15.3952112,73.8094676
VSG,R5,15.3952217,73.8096539
VSG,R5,15.3952323,73.8098401
VSG,R5,15.395236,73.8099056
VSG,R5,15.395236,73.8099056
VSG,R5,15.3952696,73.8100889
VSG,R5,15.3953033,73.8102722
VSG,R5,15.395337,73.8104554
VSG,R5,15.3953441,73.8104939
VSG,R5,15.3953441,73.8104939
VSG,R5,15.3953892,73.8106745
VSG,R5,15.3954343,73.8108551
VSG,R5,15.3954744,73.8110157
VSG,R5,15.3954744,73.8110157
VSG,R5,15.3955373,73.8111905
VSG,R5,15.3956002,73.8113652
VSG,R5,15.3956631,73.81154
VSG,R5,15.395726,73.8117148
VSG,R5,15.3957889,73.8118896
VSG,R5,15.3958518,73.8120643
VSG,R5,15.3959147,73.8122391
VSG,R5,15.3959777,73.8124139
VSG,R5,15.3960406,73.8125887
VSG,R5,15.3961035,73.8127634
VSG,R5,15.3961664,73.8129382
VSG,R5,15.3962293,73.813113
VSG,R5,15.3962922,73.8132878
VSG,R5,15.3963551,73.8134625
VSG,R5,15.396418,73.8136373
VSG,R5,15.3964801,73.8138099
DWR,R1,15.4425824,75.0012678
DWR,R1,15.4424999,75.0014336
DWR,R1,15.4424174,75.0015994
DWR,R1,15.4423349,75.0017652
DWR,R1,15.4422524,75.0019311
DWR,R1,15.44217,75.0020969
DWR,R1,15.4420875,75.0022627
DWR,R1,15.442005,75.0024285
DWR,R1,15.4419225,75.0025944
DWR,R1,15.4418401,75.0027602
DWR,R1,15.4417576,75.002926
DWR,R1,15.4416751,75.0030918
DWR,R1,15.4415926,75.0032577
DWR,R1,15.4415101,75.0034235
DWR,R1,15.4414276,75.0035893
DWR,R1,15.4413452,75.0037551
DWR,R1,15.4412627,75.003921
DWR,R1,15.4412572,75.0039321
DWR,R1,15.4412572,75.0039321
DWR,R1,15.4411737,75.0040974
DWR,R1,15.4410903,75.0042627
DWR,R1,15.4410069,75.004428
DWR,R1,15.4409234,75.0045933
DWR,R1,15.44084,75.0047586
DWR,R1,15.4407566,75.0049239
DWR,R1,15.4406731,75.0050892
DWR,R1,15.4405897,75.0052545
DWR,R1,15.4405063,75.0054198
DWR,R1,15.4404228,75.0055852
DWR,R1,15.4403394,75.0057505
DWR,R1,15.440256,75.0059158
DWR,R1,15.4401725,75.0060811
DWR,R1,15.4400891,75.0062464
DWR,R1,15.4400057,75.0064117
DWR,R1,15.4399477,75.0065264
DWR,R1,15.4399477,75.0065264
DWR,R1,15.4398598,75.0066892
DWR,R1,15.4397719,75.006852
DWR,R1,15.439684,75.0070148
DWR,R1,15.4395961,75.0071776
DWR,R1,15.4395082,75.0073404
DWR,R1,15.4395012,75.0073533
DWR,R1,15.4395012,75.0073533
DWR,R1,15.4394046,75.0075107
DWR,R1,15.4393081,75.0076682
DWR,R1,15.4392115,75.0078256
DWR,R1,15.4391753,75.0078846
DWR,R2,15.4425403,75.0012404
DWR,R2,15.442457,75.0014058
DWR,R2,15.4423738,75.0015712
DWR,R2,15.4422905,75.0017366
DWR,R2,15.4422073,75.001902
DWR,R2,15.442124,75.0020674
DWR,R2,15.4420407,75.0022328
DWR,R2,15.4419575,75.0023982
DWR,R2,15.4418742,75.0025636
DWR,R2,15.441791,75.002729
DWR,R2,15.4417077,75.0028944
DWR,R2,15.4416245,75.0030598
DWR,R2,15.4415412,75.0032252
DWR,R2,15.4414579,75.0033906
DWR,R2,15.4413747,75.003556
DWR,R2,15.4412914,75.0037214
DWR,R2,15.4412081,75.0038868
DWR,R2,15.4411249,75.0040522
DWR,R2,15.4410416,75.0042176
DWR,R2,15.4409584,75.004383
DWR,R2,15.4408751,75.0045484
DWR,R2,15.4407918,75.0047138
DWR,R2,15.4407086,75.0048792
DWR,R2,15.4406253,75.0050446
DWR,R2,15.4405421,75.0052101
DWR,R2,15.4404588,75.0053755
DWR,R2,15.4403755,75.0055409
DWR,R2,15.4402923,75.0057063
DWR,R2,15.440209,75.0058717
DWR,R2,15.4401258,75.0060371
DWR,R2,15.4400425,75.0062025
DWR,R2,15.4399592,75.0063679
DWR,R2,15.439876,75.0065333
DWR,R2,15.4397927,75.0066987
DWR,R2,15.4397094,75.0068641
DWR,R2,15.4396262,75.0070295
DWR,R2,15.4396163,75.0070491
DWR,R2,15.4396163,75.0070491
DWR,R2,15.4395169,75.0072046
DWR,R2,15.4394176,75.0073601
DWR,R2,15.4393182,75.0075157
DWR,R2,15.4392188,75.0076712
DWR,R2,15.4391194,75.0078267
DWR,R2,15.4391014,75.007855
DWR,R3,15.4424524,75.0012475
DWR,R3,15.4423613,75.0014084
DWR,R3,15.4422702,75.0015693
DWR,R3,15.4421791,75.0017302
DWR,R3,15.442088,75.001891
DWR,R3,15.4419969,75.0020519
DWR,R3,15.4419058,75.0022128
DWR,R3,15.4418374,75.0023335
DWR,R3,15.4418374,75.0023335
DWR,R3,15.4417546,75.0024992
DWR,R3,15.4416718,75.0026648
DWR,R3,15.441589,75.0028305
DWR,R3,15.4415062,75.0029961
DWR,R3,15.4414234,75.0031618
DWR,R3,15.4413405,75.0033274
DWR,R3,15.4412577,75.0034931
DWR,R3,15.4411749,75.0036587
DWR,R3,15.4410921,75.0038244
DWR,R3,15.4410093,75.00399
DWR,R3,15.4409265,75.0041556
DWR,R3,15.4408437,75.0043213
DWR,R3,15.4407608,75.0044869
DWR,R3,15.440678,75.0046526
DWR,R3,15.4405952,75.0048182
DWR,R3,15.4405124,75.0049839
DWR,R3,15.4404296,75.0051495
DWR,R3,15.4403468,75.0053151
DWR,R3,15.440264,75.0054808
DWR,R3,15.4401812,75.0056464
DWR,R3,15.4400983,75.0058121
DWR,R3,15.4400155,75.0059777
DWR,R3,15.4399327,75.0061434
DWR,R3,15.4398499,75.006309
DWR,R3,15.4397671,75.0064746
DWR,R3,15.439747,75.0065149
DWR,R3,15.439747,75.0065149
DWR,R3,15.4396566,75.0066762
DWR,R3,15.4395662,75.0068375
DWR,R3,15.4394758,75.0069988
DWR,R3,15.4393854,75.0071601
DWR,R3,15.439295,75.0073214
DWR,R3,15.4392908,75.0073289
DWR,R3,15.4392908,75.0073289
DWR,R3,15.4391907,75.007484
DWR,R3,15.4390906,75.007639
DWR,R3,15.4389905,75.007794
DWR,R3,15.4388904,75.0079491
DWR,R3,15.4387903,75.0081041
DWR,R3,15.4387795,75.0081209
DWR,R4,15.4421717,75.0015883
DWR,R4,15.4420885,75.0017538
DWR,R4,15.4420054,75.0019193
DWR,R4,15.4419222,75.0020847
DWR,R4,15.4418391,75.0022502
DWR,R4,15.441756,75.0024157
DWR,R4,15.4416728,75.0025811
DWR,R4,15.4415897,75.0027466
DWR,R4,15.4415065,75.0029121
DWR,R4,15.4414234,75.0030775
DWR,R4,15.4413402,75.003243
DWR,R4,15.4412571,75.0034085
DWR,R4,15.441174,75.0035739
DWR,R4,15.4410908,75.0037394
DWR,R4,15.4410077,75.0039049
DWR,R4,15.4409245,75.0040703
DWR,R4,15.4408414,75.0042358
DWR,R4,15.4407582,75.0044013
DWR,R4,15.4406751,75.0045667
DWR,R4,15.4405919,75.0047322
DWR,R4,15.4405088,75.0048977
DWR,R4,15.4404257,75.0050631
DWR,R4,15.4403425,75.0052286
DWR,R4,15.4402594,75.005394
DWR,R4,15.4401762,75.0055595
DWR,R4,15.4401674,75.0055771
DWR,R4,15.4401674,75.0055771
DWR,R4,15.4400834,75.0057422
DWR,R4,15.4399994,75.0059072
DWR,R4,15.4399154,75.0060722
DWR,R4,15.4398314,75.0062372
DWR,R4,15.4397475,75.0064022
DWR,R4,15.4396635,75.0065672
DWR,R4,15.4395795,75.0067322
DWR,R4,15.4394955,75.0068972
DWR,R4,15.4394599,75.0069671
DWR,R4,15.4394599,75.0069671
DWR,R4,15.4393634,75.0071246
DWR,R4,15.4392668,75.007282
DWR,R4,15.4391703,75.0074394
DWR,R4,15.4390737,75.0075969
DWR,R4,15.4390438,75.0076457
DWR,R5,15.4421191,75.0015985
DWR,R5,15.4420359,75.001764
DWR,R5,15.4419527,75.0019294
DWR,R5,15.4418696,75.0020948
DWR,R5,15.4417864,75.0022603
DWR,R5,15.4417032,75.0024257
DWR,R5,15.44162,75.0025912
DWR,R5,15.4415368,75.0027566
DWR,R5,15.4414536,75.0029221
DWR,R5,15.4413704,75.0030875
DWR,R5,15.4412873,75.0032529
DWR,R5,15.4412041,75.0034184
DWR,R5,15.4411209,75.0035838
DWR,R5,15.4410377,75.0037493
DWR,R5,15.4409545,75.0039147
DWR,R5,15.4408713,75.0040802
DWR,R5,15.4407881,75.0042456
DWR,R5,15.4407049,75.004411
DWR,R5,15.4406218,75.0045765
DWR,R5,15.4405386,75.0047419
DWR,R5,15.440479,75.0048603
DWR,R5,15.440479,75.0048603
DWR,R5,15.440394,75.0050248
DWR,R5,15.440309,75.0051892
DWR,R5,15.440224,75.0053537
DWR,R5,15.440139,75.0055181
DWR,R5,15.440054,75.0056825
DWR,R5,15.439969,75.005847
DWR,R5,15.439884,75.0060114
DWR,R5,15.4397989,75.0061759
DWR,R5,15.4397139,75.0063403
DWR,R5,15.4396289,75.0065047
DWR,R5,15.4395439,75.0066692
DWR,R5,15.4394589,75.0068336
DWR,R5,15.4393739,75.0069981
DWR,R5,15.4393731,75.0069995
DWR,R5,15.4393731,75.0069995
DWR,R5,15.4392757,75.0071564
DWR,R5,15.4391784,75.0073133
DWR,R5,15.439081,75.0074702
DWR,R5,15.4389837,75.0076271
DWR,R5,15.4388863,75.007784
DWR,R5,15.4388091,75.0079084
CLR,R1,15.3989698,74.3315073
CLR,R1,15.3989408,74.3316915
CLR,R1,15.3989119,74.3318756
CLR,R1,15.398883,74.3320598
CLR,R1,15.3988541,74.3322439
CLR,R1,15.3988252,74.332428
CLR,R1,15.3987962,74.3326122
CLR,R1,15.3987673,74.3327963
CLR,R1,15.3987384,74.3329804
CLR,R1,15.3987095,74.3331646
CLR,R1,15.3986806,74.3333487
CLR,R1,15.3986516,74.3335328
CLR,R1,15.3986227,74.333717
CLR,R1,15.3985938,74.3339011
CLR,R1,15.3985649,74.3340852
CLR,R1,15.398536,74.3342694
CLR,R1,15.398507,74.3344535
CLR,R1,15.3984781,74.3346376
CLR,R1,15.3984492,74.3348218
CLR,R1,15.3984203,74.3350059
CLR,R1,15.3983914,74.33519
CLR,R1,15.3983624,74.3353742
CLR,R1,15.3983335,74.3355583
CLR,R1,15.3983046,74.3357424
CLR,R1,15.398284,74.3358735
CLR,R1,15.398284,74.3358735
CLR,R1,15.3982752,74.3360598
CLR,R1,15.3982686,74.3361994
CLR,R1,15.3982686,74.3361994
CLR,R1,15.3982721,74.3363859
CLR,R1,15.3982729,74.3364266
CLR,R1,15.3982729,74.3364266
CLR,R1,15.3982912,74.3366122
CLR,R1,15.3982927,74.3366267
CLR,R1,15.3982927,74.3366267
CLR,R1,15.3983335,74.3368084
CLR,R1,15.398345,74.3368593
CLR,R1,15.398345,74.3368593
CLR,R1,15.3983991,74.3370372
CLR,R1,15.3984082,74.3370672
CLR,R1,15.3984082,74.3370672
CLR,R1,15.3984826,74.337237
CLR,R1,15.3984993,74.3372753
CLR,R1,15.3984993,74.3372753
CLR,R1,15.3985926,74.3374348
CLR,R1,15.3986074,74.33746
CLR,R1,15.3986074,74.33746
CLR,R1,15.3987048,74.3376029
CLR,R1,15.3987048,74.3376029
CLR,R1,15.3987961,74.3377165
CLR,R1,15.3987961,74.3377165
CLR,R1,15.3989161,74.3378276
CLR,R1,15.3989161,74.3378276
CLR,R1,15.3990031,74.3379031
CLR,R1,15.3990031,74.3379031
CLR,R1,15.3991122,74.3380005
CLR,R1,15.3991122,74.3380005
CLR,R1,15.3992297,74.3380925
CLR,R1,15.3992297,74.3380925
CLR,R1,15.3993875,74.338182
CLR,R1,15.3993958,74.3381868
CLR,R1,15.3993958,74.3381868
CLR,R1,15.3995521,74.3382791
CLR,R1,15.3995526,74.3382793
CLR,R1,15.3995526,74.3382793
CLR,R1,15.3996407,74.3383249
CLR,R2,15.398928,74.3314979
CLR,R2,15.3988995,74.3316821
CLR,R2,15.3988711,74.3318663
CLR,R2,15.3988426,74.3320505
CLR,R2,15.3988142,74.3322348
CLR,R2,15.3987857,74.332419
CLR,R2,15.3987573,74.3326032
CLR,R2,15.3987288,74.3327874
CLR,R2,15.3987004,74.3329716
CLR,R2,15.3986719,74.3331558
CLR,R2,15.3986435,74.33334
CLR,R2,15.398615,74.3335242
CLR,R2,15.3985866,74.3337085
CLR,R2,15.3985581,74.3338927
CLR,R2,15.3985296,74.3340769
CLR,R2,15.3985012,74.3342611
CLR,R2,15.3984727,74.3344453
CLR,R2,15.3984443,74.3346295
CLR,R2,15.3984158,74.3348137
CLR,R2,15.3983874,74.3349979
CLR,R2,15.3983589,74.3351822
CLR,R2,15.3983305,74.3353664
CLR,R2,15.398302,74.3355506
CLR,R2,15.3982735,74.3357348
CLR,R2,15.3982451,74.335919
CLR,R2,15.3982263,74.3360407
CLR,R2,15.3982263,74.3360407
CLR,R2,15.3982311,74.3362272
CLR,R2,15.3982359,74.3364137
CLR,R2,15.3982363,74.3364286
CLR,R2,15.3982363,74.3364286
CLR,R2,15.3982595,74.3366136
CLR,R2,15.3982815,74.3367885
CLR,R2,15.3982815,74.3367885
CLR,R2,15.3983305,74.336968
CLR,R2,15.3983478,74.3370313
CLR,R2,15.3983478,74.3370313
CLR,R2,15.3984153,74.3372042
CLR,R2,15.398453,74.3373004
CLR,R2,15.398453,74.3373004
CLR,R2,15.3985521,74.3374561
CLR,R2,15.3986425,74.3375979
CLR,R2,15.3986425,74.3375979
CLR,R2,15.3987644,74.3377352
CLR,R2,15.3988862,74.3378724
CLR,R2,15.3988918,74.3378788
CLR,R2,15.3988918,74.3378788
CLR,R2,15.3990338,74.3379934
CLR,R2,15.3991757,74.3381079
CLR,R2,15.3991822,74.3381131
CLR,R2,15.3991822,74.3381131
CLR,R2,15.3993329,74.3382149
CLR,R2,15.3993851,74.33825
CLR,R2,15.3993851,74.33825
CLR,R2,15.3995486,74.3383278
CLR,R2,15.3996062,74.3383552
CLR,R3,15.3988749,74.3315006
CLR,R3,15.3988449,74.3316846
CLR,R3,15.3988148,74.3318685
CLR,R3,15.3987848,74.3320525
CLR,R3,15.3987548,74.3322364
CLR,R3,15.3987247,74.3324203
CLR,R3,15.3986947,74.3326043
CLR,R3,15.3986647,74.3327882
CLR,R3,15.3986346,74.3329722
CLR,R3,15.3986046,74.3331561
CLR,R3,15.3985746,74.3333401
CLR,R3,15.3985445,74.333524
CLR,R3,15.3985145,74.3337079
CLR,R3,15.3984845,74.3338919
CLR,R3,15.3984544,74.3340758
CLR,R3,15.3984244,74.3342598
CLR,R3,15.3983944,74.3344437
CLR,R3,15.3983643,74.3346276
CLR,R3,15.3983343,74.3348116
CLR,R3,15.3983043,74.3349955
CLR,R3,15.3982742,74.3351795
CLR,R3,15.3982442,74.3353634
CLR,R3,15.3982142,74.3355474
CLR,R3,15.3981841,74.3357313
CLR,R3,15.3981639,74.3358549
CLR,R3,15.3981639,74.3358549
CLR,R3,15.3981469,74.3360406
CLR,R3,15.3981427,74.3360862
CLR,R3,15.3981427,74.3360862
CLR,R3,15.398138,74.3362727
CLR,R3,15.3981372,74.3363017
CLR,R3,15.3981372,74.3363017
CLR,R3,15.3981588,74.336487
CLR,R3,15.3981782,74.3366536
CLR,R3,15.3981782,74.3366536
CLR,R3,15.3982225,74.3368344
CLR,R3,15.3982511,74.3369513
CLR,R3,15.3982511,74.3369513
CLR,R3,15.3983236,74.337122
CLR,R3,15.3983688,74.3372286
CLR,R3,15.3983688,74.3372286
CLR,R3,15.3984567,74.3373913
CLR,R3,15.3985277,74.3375226
CLR,R3,15.3985277,74.3375226
CLR,R3,15.3986415,74.3376671
CLR,R3,15.3987554,74.3378115
CLR,R3,15.3987748,74.3378362
CLR,R3,15.3987748,74.3378362
CLR,R3,15.3989038,74.3379663
CLR,R3,15.3989934,74.3380566
CLR,R3,15.3989934,74.3380566
CLR,R3,15.3991375,74.3381682
CLR,R3,15.3992088,74.3382233
CLR,R3,15.3992088,74.3382233
CLR,R3,15.3993668,74.3383125
CLR,R3,15.3995248,74.3384016
CLR,R3,15.3996143,74.338452
CLR,R4,15.3988341,74.3313122
CLR,R4,15.3988056,74.3314964
CLR,R4,15.3987772,74.3316807
CLR,R4,15.3987488,74.3318649
CLR,R4,15.3987204,74.3320491
CLR,R4,15.398692,74.3322333
CLR,R4,15.3986635,74.3324175
CLR,R4,15.3986351,74.3326018
CLR,R4,15.3986067,74.332786
CLR,R4,15.3985783,74.3329702
CLR,R4,15.3985498,74.3331544
CLR,R4,15.3985214,74.3333386
CLR,R4,15.398493,74.3335228
CLR,R4,15.3984646,74.3337071
CLR,R4,15.3984361,74.3338913
CLR,R4,15.3984077,74.3340755
CLR,R4,15.3983793,74.3342597
CLR,R4,15.3983509,74.3344439
CLR,R4,15.3983224,74.3346281
CLR,R4,15.398294,74.3348124
CLR,R4,15.3982656,74.3349966
CLR,R4,15.3982372,74.3351808
CLR,R4,15.3982087,74.335365
CLR,R4,15.3981803,74.3355492
CLR,R4,15.3981519,74.3357334
CLR,R4,15.3981357,74.3358385
CLR,R4,15.3981357,74.3358385
CLR,R4,15.3981082,74.3360229
CLR,R4,15.3980954,74.3361087
CLR,R4,15.3980954,74.3361087
CLR,R4,15.3980953,74.3362953
CLR,R4,15.3980953,74.3363143
CLR,R4,15.3980953,74.3363143
CLR,R4,15.3981101,74.3365003
CLR,R4,15.3981106,74.3365069
CLR,R4,15.3981106,74.3365069
CLR,R4,15.398138,74.3366913
CLR,R4,15.3981455,74.3367419
CLR,R4,15.3981455,74.3367419
CLR,R4,15.398191,74.3369224
CLR,R4,15.3982015,74.3369642
CLR,R4,15.3982015,74.3369642
CLR,R4,15.3982712,74.3371362
CLR,R4,15.3982966,74.3371989
CLR,R4,15.3982966,74.3371989
CLR,R4,15.3983807,74.3373638
CLR,R4,15.3984498,74.3374994
CLR,R4,15.3984498,74.3374994
CLR,R4,15.398553,74.3376522
CLR,R4,15.3986081,74.3377337
CLR,R4,15.3986081,74.3377337
CLR,R4,15.3987296,74.3378713
CLR,R4,15.398808,74.3379601
CLR,R4,15.398808,74.3379601
CLR,R4,15.3989427,74.3380838
CLR,R4,15.3990108,74.3381464
CLR,R4,15.3990108,74.3381464
CLR,R4,15.3991626,74.3382464
CLR,R4,15.3991761,74.3382553
CLR,R4,15.3991761,74.3382553
CLR,R4,15.3993258,74.3383587
CLR,R4,15.3993913,74.338404
CLR,R4,15.3993913,74.338404
CLR,R4,15.3995576,74.338475
CLR,R4,15.399723,74.3385456
CLR,R4,15.399723,74.3385456
CLR,R4,15.3998985,74.3385864
CLR,R4,15.4000094,74.3386122
CLR,R4,15.4000094,74.3386122
CLR,R4,15.4001882,74.3386331
CLR,R4,15.4003669,74.3386539
CLR,R4,15.4003913,74.3386568
CLR,R5,15.3987566,74.3314813
CLR,R5,15.3987273,74.3316654
CLR,R5,15.3986979,74.3318494
CLR,R5,15.3986685,74.3320335
CLR,R5,15.3986392,74.3322176
CLR,R5,15.3986098,74.3324016
CLR,R5,15.3985804,74.3325857
CLR,R5,15.398551,74.3327697
CLR,R5,15.3985217,74.3329538
CLR,R5,15.3984923,74.3331378
CLR,R5,15.3984629,74.3333219
CLR,R5,15.3984336,74.333506
CLR,R5,15.3984042,74.33369
CLR,R5,15.3983748,74.3338741
CLR,R5,15.3983454,74.3340581
CLR,R5,15.3983161,74.3342422
CLR,R5,15.3982867,74.3344262
CLR,R5,15.3982573,74.3346103
CLR,R5,15.3982279,74.3347944
CLR,R5,15.3981986,74.3349784
CLR,R5,15.3981692,74.3351625
CLR,R5,15.3981398,74.3353465
CLR,R5,15.3981105,74.3355306
CLR,R5,15.3980956,74.3356237
CLR,R5,15.3980956,74.3356237
CLR,R5,15.3980693,74.3358083
CLR,R5,15.3980489,74.3359515
CLR,R5,15.3980489,74.3359515
CLR,R5,15.3980415,74.3361379
CLR,R5,15.3980367,74.3362577
CLR,R5,15.3980367,74.3362577
CLR,R5,15.39805,74.3364438
CLR,R5,15.3980609,74.3365968
CLR,R5,15.3980609,74.3365968
CLR,R5,15.3981028,74.3367782
CLR,R5,15.3981267,74.3368814
CLR,R5,15.3981267,74.3368814
CLR,R5,15.3981847,74.337058
CLR,R5,15.3982227,74.3371739
CLR,R5,15.3982227,74.3371739
CLR,R5,15.3983063,74.3373391
CLR,R5,15.398367,74.337459
CLR,R5,15.398367,74.337459
CLR,R5,15.3984644,74.3376159
CLR,R5,15.3985238,74.3377114
CLR,R5,15.3985238,74.3377114
CLR,R5,15.3986444,74.3378498
CLR,R5,15.3987489,74.3379695
CLR,R5,15.3987489,74.3379695
CLR,R5,15.3988831,74.3380937
CLR,R5,15.3989418,74.338148
CLR,R5,15.3989418,74.338148
CLR,R5,15.3990865,74.3382588
CLR,R5,15.399162,74.3383167
CLR,R5,15.399162,74.3383167
CLR,R5,15.3993185,74.3384086
CLR,R5,15.3993917,74.3384516
CLR,R5,15.3993917,74.3384516
CLR,R5,15.3995589,74.3385204
CLR,R5,15.3996839,74.3385718
CLR,R5,15.3996839,74.3385718
CLR,R5,15.3998575,74.3386209
CLR,R5,15.3999562,74.3386488
CLR,R6,15.3987278,74.3312972
CLR,R6,15.398699,74.3314813
CLR,R6,15.3986703,74.3316655
CLR,R6,15.3986415,74.3318497
CLR,R6,15.3986128,74.3320338
CLR,R6,15.3985841,74.332218
CLR,R6,15.3985553,74.3324021
CLR,R6,15.3985266,74.3325863
CLR,R6,15.3984978,74.3327705
CLR,R6,15.3984691,74.3329546
CLR,R6,15.3984403,74.3331388
CLR,R6,15.3984116,74.333323
CLR,R6,15.3983828,74.3335071
CLR,R6,15.3983541,74.3336913
CLR,R6,15.3983253,74.3338755
CLR,R6,15.3982966,74.3340596
CLR,R6,15.3982679,74.3342438
CLR,R6,15.3982391,74.3344279
CLR,R6,15.3982104,74.3346121
CLR,R6,15.3981816,74.3347963
CLR,R6,15.3981529,74.3349804
CLR,R6,15.3981241,74.3351646
CLR,R6,15.3980954,74.3353488
CLR,R6,15.3980666,74.3355329
CLR,R6,15.3980547,74.3356096
CLR,R6,15.3980547,74.3356096
CLR,R6,15.3980265,74.3357939
CLR,R6,15.398001,74.3359611
CLR,R6,15.398001,74.3359611
CLR,R6,15.3979925,74.3361474
CLR,R6,15.3979891,74.3362232
CLR,R6,15.3979891,74.3362232
CLR,R6,15.3979992,74.3364095
CLR,R6,15.3980031,74.336482
CLR,R6,15.3980031,74.336482
CLR,R6,15.3980315,74.3366662
CLR,R6,15.3980525,74.3368018
CLR,R6,15.3980525,74.3368018
CLR,R6,15.3981064,74.3369798
CLR,R6,15.3981439,74.3371036
CLR,R6,15.3981439,74.3371036
CLR,R6,15.3982202,74.3372726
CLR,R6,15.3982679,74.3373783
CLR,R6,15.3982679,74.3373783
CLR,R6,15.3983613,74.3375378
CLR,R6,15.3984263,74.3376488
CLR,R6,15.3984263,74.3376488
CLR,R6,15.3985386,74.3377945
CLR,R6,15.3986127,74.3378905
CLR,R6,15.3986127,74.3378905
CLR,R6,15.3987399,74.3380224
CLR,R6,15.3988383,74.3381246
CLR,R6,15.3988383,74.3381246
CLR,R6,15.398978,74.3382421
CLR,R6,15.3990717,74.3383208
CLR,R6,15.3990717,74.3383208
CLR,R6,15.3992258,74.3384168
CLR,R6,15.3993012,74.3384638
CLR,R6,15.3993012,74.3384638
CLR,R6,15.399468,74.3385337
CLR,R6,15.3996347,74.3386036
CLR,R6,15.3997402,74.3386478
CLR,R6,15.3997402,74.3386478
CLR,R6,15.3999151,74.3386914
CLR,R6,15.399951,74.3387004
CLR,R7,15.3986696,74.3313047
CLR,R7,15.398643,74.3314892
CLR,R7,15.3986164,74.3316737
CLR,R7,15.3985898,74.3318582
CLR,R7,15.3985723,74.33198
CLR,R7,15.3985723,74.33198
CLR,R7,15.3985344,74.3321624
CLR,R7,15.3984965,74.3323448
CLR,R7,15.3984839,74.3324054
CLR,R7,15.3984839,74.3324054
CLR,R7,15.398449,74.3325884
CLR,R7,15.3984176,74.3327524
CLR,R7,15.3984176,74.3327524
CLR,R7,15.3983896,74.3329367
CLR,R7,15.3983615,74.333121
CLR,R7,15.3983335,74.3333053
CLR,R7,15.3983055,74.3334895
CLR,R7,15.3982774,74.3336738
CLR,R7,15.3982494,74.3338581
CLR,R7,15.3982214,74.3340424
CLR,R7,15.3982177,74.3340668
CLR,R7,15.3982177,74.3340668
CLR,R7,15.3981882,74.3342508
CLR,R7,15.3981588,74.3344349
CLR,R7,15.3981293,74.3346189
CLR,R7,15.3981127,74.3347229
CLR,R7,15.3981127,74.3347229
CLR,R7,15.3980869,74.3349075
CLR,R7,15.3980611,74.3350921
CLR,R7,15.3980353,74.3352767
CLR,R7,15.3980095,74.3354614
CLR,R7,15.3979837,74.335646
CLR,R7,15.3979672,74.3357644
CLR,R7,15.3979672,74.3357644
CLR,R7,15.397956,74.3359506
CLR,R7,15.3979448,74.3361368
CLR,R7,15.3979336,74.336323
CLR,R7,15.3979328,74.3363364
CLR,R7,15.3979328,74.3363364
CLR,R7,15.397958,74.3365212
CLR,R7,15.3979832,74.3367059
CLR,R7,15.3979883,74.336743
CLR,R7,15.3979883,74.336743
CLR,R7,15.398032,74.336924
CLR,R7,15.3980604,74.3370413
CLR,R7,15.3980604,74.3370413
CLR,R7,15.3981311,74.3372129
CLR,R7,15.398189,74.3373534
CLR,R7,15.398189,74.3373534
CLR,R7,15.398276,74.3375167
CLR,R7,15.3983063,74.3375735
CLR,R7,15.3983063,74.3375735
CLR,R7,15.3984166,74.3377209
CLR,R7,15.3985167,74.3378546
CLR,R7,15.3985167,74.3378546
CLR,R7,15.3986383,74.337992
CLR,R7,15.3987566,74.3381256
CLR,R7,15.3987566,74.3381256
CLR,R7,15.3988975,74.3382415
CLR,R7,15.3990362,74.3383556
CLR,R7,15.3990362,74.3383556
CLR,R7,15.399191,74.3384505
CLR,R7,15.3992958,74.3385147
CLR,R7,15.3992958,74.3385147
CLR,R7,15.3994563,74.3385991
CLR,R7,15.3994886,74.3386161
CLR,R7,15.3994886,74.3386161
CLR,R7,15.3996485,74.33867
CLR,R8,15.3985878,74.3313662
CLR,R8,15.398561,74.3315507
CLR,R8,15.3985342,74.3317351
CLR,R8,15.3985074,74.3319196
CLR,R8,15.3984806,74.3321041
CLR,R8,15.3984538,74.3322886
CLR,R8,15.3984501,74.3323144
CLR,R8,15.3984501,74.3323144
CLR,R8,15.3984182,74.332498
CLR,R8,15.3983864,74.3326817
CLR,R8,15.3983546,74.3328653
CLR,R8,15.3983246,74.333038
CLR,R8,15.3983246,74.333038
CLR,R8,15.3982945,74.333222
CLR,R8,15.3982644,74.3334059
CLR,R8,15.3982344,74.3335898
CLR,R8,15.3982043,74.3337738
CLR,R8,15.3981954,74.3338279
CLR,R8,15.3981954,74.3338279
CLR,R8,15.3981669,74.3340121
CLR,R8,15.3981384,74.3341963
CLR,R8,15.3981099,74.3343805
CLR,R8,15.3980815,74.3345647
CLR,R8,15.398053,74.3347489
CLR,R8,15.3980245,74.3349332
CLR,R8,15.3980101,74.3350261
CLR,R8,15.3980101,74.3350261
CLR,R8,15.397989,74.3352114
CLR,R8,15.3979679,74.3353966
CLR,R8,15.3979468,74.3355819
CLR,R8,15.3979258,74.3357672
CLR,R8,15.3979047,74.3359525
CLR,R8,15.3979042,74.3359571
CLR,R8,15.3979042,74.3359571
CLR,R8,15.3978975,74.3361435
CLR,R8,15.3978908,74.3363299
CLR,R8,15.3978896,74.3363623
CLR,R8,15.3978896,74.3363623
CLR,R8,15.3979123,74.3365474
CLR,R8,15.3979289,74.336684
CLR,R8,15.3979289,74.336684
CLR,R8,15.3979736,74.3368647
CLR,R8,15.3980182,74.3370454
CLR,R8,15.3980278,74.3370842
CLR,R8,15.3980278,74.3370842
CLR,R8,15.3981047,74.3372529
CLR,R8,15.3981812,74.3374208
CLR,R8,15.3981812,74.3374208
CLR,R8,15.398276,74.3375794
CLR,R8,15.3983707,74.337738
CLR,R8,15.3983725,74.337741
CLR,R8,15.3983725,74.337741
CLR,R8,15.3984905,74.3378819
CLR,R8,15.3986084,74.3380227
CLR,R8,15.3986784,74.3381062
CLR,R8,15.3986784,74.3381062
CLR,R8,15.3988151,74.3382275
CLR,R8,15.3989517,74.3383488
CLR,R8,15.3990069,74.3383977
CLR,R8,15.3990069,74.3383977
CLR,R8,15.3991602,74.3384952
CLR,R8,15.3992155,74.3385303
CLR,R8,15.3992155,74.3385303
CLR,R8,15.3993778,74.3386107
CLR,R8,15.3994232,74.3386332
JRU,R1,14.1273832,76.1386848
JRU,R1,14.1272101,76.1387353
JRU,R1,14.127037,76.1387857
JRU,R1,14.1268639,76.1388362
JRU,R1,14.1266909,76.1388867
JRU,R1,14.1265178,76.1389372
JRU,R1,14.1263447,76.1389877
JRU,R1,14.1261716,76.1390382
JRU,R1,14.1259986,76.1390886
JRU,R1,14.1258255,76.1391391
JRU,R1,14.1256524,76.1391896
JRU,R1,14.1254794,76.1392401
JRU,R1,14.1253063,76.1392906
JRU,R1,14.1251332,76.1393411
JRU,R1,14.1249601,76.1393916
JRU,R1,14.1247871,76.139442
JRU,R1,14.124614,76.1394925
JRU,R1,14.1244409,76.139543
JRU,R1,14.1242678,76.1395935
JRU,R1,14.1240948,76.139644
JRU,R1,14.1239217,76.1396945
JRU,R1,14.1237486,76.1397449
JRU,R1,14.1235755,76.1397954
JRU,R1,14.1234025,76.1398459
JRU,R1,14.1232294,76.1398964
JRU,R1,14.1230563,76.1399469
JRU,R1,14.1228833,76.1399974
JRU,R1,14.1227102,76.1400478
JRU,R1,14.1225371,76.1400983
JRU,R1,14.122364,76.1401488
JRU,R1,14.122191,76.1401993
JRU,R1,14.1220179,76.1402498
JRU,R1,14.1218448,76.1403003
JRU,R1,14.1216717,76.1403507
JRU,R1,14.1214987,76.1404012
JRU,R1,14.1213256,76.1404517
JRU,R1,14.1211525,76.1405022
JRU,R1,14.1209795,76.1405527
JRU,R1,14.1208064,76.1406031
JRU,R1,14.1206333,76.1406536
JRU,R1,14.1204602,76.1407041
JRU,R1,14.1202872,76.1407546
JRU,R1,14.1201141,76.1408051
JRU,R1,14.1200963,76.1408103
JRU,R2,14.1273496,76.1386353
JRU,R2,14.1271765,76.1386858
JRU,R2,14.1270034,76.1387362
JRU,R2,14.1268304,76.1387867
JRU,R2,14.1266573,76.1388372
JRU,R2,14.1264842,76.1388877
JRU,R2,14.1263111,76.1389381
JRU,R2,14.1261381,76.1389886
JRU,R2,14.125965,76.1390391
JRU,R2,14.1257919,76.1390895
JRU,R2,14.1256188,76.13914
JRU,R2,14.1254457,76.1391905
JRU,R2,14.1252727,76.1392409
JRU,R2,14.1250996,76.1392914
JRU,R2,14.1249265,76.1393419
JRU,R2,14.1247534,76.1393923
JRU,R2,14.1245804,76.1394428
JRU,R2,14.1244073,76.1394933
JRU,R2,14.1242342,76.1395437
JRU,R2,14.1240611,76.1395942
JRU,R2,14.1238881,76.1396447
JRU,R2,14.123715,76.1396952
JRU,R2,14.1235419,76.1397456
JRU,R2,14.1233688,76.1397961
JRU,R2,14.1231957,76.1398466
JRU,R2,14.1230227,76.139897
JRU,R2,14.1228496,76.1399475
JRU,R2,14.1226765,76.139998
JRU,R2,14.1225034,76.1400484
JRU,R2,14.1223304,76.1400989
JRU,R2,14.1221573,76.1401494
JRU,R2,14.1219842,76.1401998
JRU,R2,14.1218111,76.1402503
JRU,R2,14.121638,76.1403008
JRU,R2,14.121465,76.1403512
JRU,R2,14.1212919,76.1404017
JRU,R2,14.1211188,76.1404522
JRU,R2,14.1209457,76.1405026
JRU,R2,14.1207727,76.1405531
JRU,R2,14.1205996,76.1406036
JRU,R2,14.1204265,76.140654
JRU,R2,14.1202534,76.1407045
JRU,R2,14.1200804,76.140755
JRU,R2,14.1199073,76.1408054
JRU,R2,14.1197342,76.1408559
JRU,R2,14.1195611,76.1409064
JRU,R2,14.1195591,76.140907
JRU,R3,14.1273125,76.1386021
JRU,R3,14.1271393,76.1386523
JRU,R3,14.1269662,76.1387025
JRU,R3,14.126793,76.1387528
JRU,R3,14.1266199,76.138803
JRU,R3,14.1264468,76.1388532
JRU,R3,14.1262736,76.1389035
JRU,R3,14.1261005,76.1389537
JRU,R3,14.1259273,76.139004
JRU,R3,14.1257542,76.1390542
JRU,R3,14.1255811,76.1391044
JRU,R3,14.1254079,76.1391547
JRU,R3,14.1252348,76.1392049
JRU,R3,14.1250616,76.1392551
JRU,R3,14.1248885,76.1393054
JRU,R3,14.1247154,76.1393556
JRU,R3,14.1245422,76.1394058
JRU,R3,14.1243691,76.1394561
JRU,R3,14.1241959,76.1395063
JRU,R3,14.1240228,76.1395565
JRU,R3,14.1238497,76.1396068
JRU,R3,14.1236765,76.139657
JRU,R3,14.1235034,76.1397073
JRU,R3,14.1233302,76.1397575
JRU,R3,14.1231571,76.1398077
JRU,R3,14.122984,76.139858
JRU,R3,14.1228108,76.1399082
JRU,R3,14.1226377,76.1399584
JRU,R3,14.1224645,76.1400087
JRU,R3,14.1222914,76.1400589
JRU,R3,14.1221182,76.1401091
JRU,R3,14.1219451,76.1401594
JRU,R3,14.121772,76.1402096
JRU,R3,14.1215988,76.1402598
JRU,R3,14.1214257,76.1403101
JRU,R3,14.1212525,76.1403603
JRU,R3,14.1210794,76.1404105
JRU,R3,14.1209063,76.1404608
JRU,R3,14.1207331,76.140511
JRU,R3,14.12056,76.1405613
JRU,R3,14.1203868,76.1406115
JRU,R3,14.1202137,76.1406617
JRU,R3,14.1200406,76.140712
JRU,R3,14.1198674,76.1407622
JRU,R3,14.1196943,76.1408124
JRU,R3,14.1195211,76.1408627
JRU,R3,14.119348,76.1409129
JRU,R3,14.1193059,76.1409251
JRU,R4,14.1267828,76.1386637
JRU,R4,14.1266082,76.1387084
JRU,R4,14.1264337,76.1387531
JRU,R4,14.1262591,76.1387978
JRU,R4,14.1260845,76.1388425
JRU,R4,14.12591,76.1388872
JRU,R4,14.1257354,76.1389318
JRU,R4,14.1255608,76.1389765
JRU,R4,14.1253863,76.1390212
JRU,R4,14.125293,76.1390451
JRU,R4,14.125293,76.1390451
JRU,R4,14.12512,76.1390959
JRU,R4,14.124947,76.1391467
JRU,R4,14.1247741,76.1391975
JRU,R4,14.1246011,76.1392484
JRU,R4,14.1244281,76.1392992
JRU,R4,14.1242551,76.13935
JRU,R4,14.1240821,76.1394008
JRU,R4,14.1239091,76.1394516
JRU,R4,14.1237362,76.1395024
JRU,R4,14.1235632,76.1395533
JRU,R4,14.1233902,76.1396041
JRU,R4,14.1232172,76.1396549
JRU,R4,14.1230442,76.1397057
JRU,R4,14.1228713,76.1397565
JRU,R4,14.1226983,76.1398073
JRU,R4,14.1225253,76.1398582
JRU,R4,14.1223523,76.139909
JRU,R4,14.1221793,76.1399598
JRU,R4,14.1220064,76.1400106
JRU,R4,14.1218334,76.1400614
JRU,R4,14.1216604,76.1401122
JRU,R4,14.1214874,76.140163
JRU,R4,14.1213144,76.1402139
JRU,R4,14.1212336,76.1402376
JRU,R4,14.1212336,76.1402376
JRU,R4,14.1210611,76.1402904
JRU,R4,14.1208887,76.1403431
JRU,R4,14.1207163,76.1403959
JRU,R4,14.1205438,76.1404486
JRU,R4,14.1204449,76.1404789
JRU,R4,14.1204449,76.1404789
JRU,R4,14.1202746,76.1405384
JRU,R4,14.1201042,76.140598
JRU,R4,14.1199339,76.1406575
JRU,R4,14.1197635,76.1407171
JRU,R4,14.1196023,76.1407734
JRU,R4,14.1196023,76.1407734
JRU,R4,14.1194292,76.1408236
JRU,R4,14.119256,76.1408738
JRU,R4,14.1190829,76.1409239
JRU,R4,14.1189097,76.1409741
JRU,R4,14.1187365,76.1410242
JRU,R4,14.1185821,76.141069
JRU,R5,14.1273496,76.1386353
JRU,R5,14.1271765,76.1386858
JRU,R5,14.1270034,76.1387362
JRU,R5,14.1268304,76.1387867
JRU,R5,14.1266573,76.1388372
JRU,R5,14.1264842,76.1388877
JRU,R5,14.1263111,76.1389381
JRU,R5,14.1261381,76.1389886
JRU,R5,14.125965,76.1390391
JRU,R5,14.1257919,76.1390895
JRU,R5,14.1256188,76.13914
JRU,R5,14.1254457,76.1391905
JRU,R5,14.1252727,76.1392409
JRU,R5,14.1250996,76.1392914
JRU,R5,14.1249265,76.1393419
JRU,R5,14.1247534,76.1393923
JRU,R5,14.1245804,76.1394428
JRU,R5,14.1244073,76.1394933
JRU,R5,14.1242342,76.1395437
JRU,R5,14.1240611,76.1395942
JRU,R5,14.1238881,76.1396447
JRU,R5,14.123715,76.1396952
JRU,R5,14.1235419,76.1397456
JRU,R5,14.1233688,76.1397961
JRU,R5,14.1231957,76.1398466
JRU,R5,14.1230227,76.139897
JRU,R5,14.1228496,76.1399475
JRU,R5,14.1226765,76.139998
JRU,R5,14.1225034,76.1400484
JRU,R5,14.1223304,76.1400989
JRU,R5,14.1221573,76.1401494
JRU,R5,14.1219842,76.1401998
JRU,R5,14.1218111,76.1402503
JRU,R5,14.121638,76.1403008
JRU,R5,14.121465,76.1403512
JRU,R5,14.1212919,76.1404017
JRU,R5,14.1211188,76.1404522
JRU,R5,14.1209457,76.1405026
JRU,R5,14.1207727,76.1405531
JRU,R5,14.1205996,76.1406036
JRU,R5,14.1204265,76.140654
JRU,R5,14.1202534,76.1407045
JRU,R5,14.1200804,76.140755
JRU,R5,14.1199073,76.1408054
JRU,R5,14.1197342,76.1408559
JRU,R5,14.1195611,76.1409064
JRU,R5,14.1195591,76.140907
JRU,R6,14.1263542,76.1386493
JRU,R6,14.1261812,76.1386998
JRU,R6,14.1260081,76.1387504
JRU,R6,14.1258351,76.138801
JRU,R6,14.1256621,76.1388516
JRU,R6,14.125489,76.1389021
JRU,R6,14.125316,76.1389527
JRU,R6,14.1251429,76.1390033
JRU,R6,14.1249699,76.1390539
JRU,R6,14.1247968,76.1391045
JRU,R6,14.1246238,76.139155
JRU,R6,14.1244507,76.1392056
JRU,R6,14.1242777,76.1392562
JRU,R6,14.1241046,76.1393068
JRU,R6,14.1239316,76.1393573
JRU,R6,14.1237585,76.1394079
JRU,R6,14.1235855,76.1394585
JRU,R6,14.1234124,76.1395091
JRU,R6,14.1232394,76.1395597
JRU,R6,14.1230663,76.1396102
JRU,R6,14.1228933,76.1396608
JRU,R6,14.1227203,76.1397114
JRU,R6,14.1225472,76.139762
JRU,R6,14.1223742,76.1398125
JRU,R6,14.1222011,76.1398631
JRU,R6,14.1220281,76.1399137
JRU,R6,14.121855,76.1399643
JRU,R6,14.121682,76.1400149
JRU,R6,14.1215089,76.1400654
JRU,R6,14.1213359,76.140116
JRU,R6,14.1211628,76.1401666
JRU,R6,14.1209898,76.1402172
JRU,R6,14.1208167,76.1402677
JRU,R6,14.1206873,76.1403056
JRU,R6,14.1206873,76.1403056
JRU,R6,14.120516,76.1403621
JRU,R6,14.1203447,76.1404187
JRU,R6,14.1201734,76.1404753
JRU,R6,14.1200021,76.1405318
JRU,R6,14.1198308,76.1405884
JRU,R6,14.1196595,76.140645
JRU,R6,14.1194882,76.1407015
JRU,R6,14.1193831,76.1407362
